sample_id,product,angular_frequency,storage_modulus,loss_modulus,tan_delta,temperature
cheese_rheo_4e2a0a130dcc,dairy_feta,40.0,1949690,643572.0,0.330089,25
cheese_rheo_ea0a03a926f1,plant_cheddar,0.798103,444658,32528.7,0.0731546,25
cheese_rheo_c8b760392806,plant_feta,25.2383,313004,56677.6,0.181076,25
cheese_rheo_882c53b17985,dairy_mozzarella,0.503572,200867,65990.8,0.32853,25
cheese_rheo_caf5fd7a2800,plant_feta,0.798103,150437,141482.0,0.940473,25
cheese_rheo_efba4e3bce95,dairy_cheddar,31.7731,1049950,377028.0,0.359093,25
cheese_rheo_e594cc002175,plant_mozzarella,10.0476,411711,80605.0,0.19578,25
cheese_rheo_ea0a03a926f1,plant_cheddar,0.633961,442703,32174.4,0.0726773,25
cheese_rheo_80ff05481ad9,plant_feta,15.9242,491369,429794.0,0.874687,25
cheese_rheo_4e2a0a130dcc,dairy_feta,0.1,674920,194738.0,0.288534,25
cheese_rheo_2d5fd8e35091,dairy_feta,0.503572,959533,272939.0,0.28445,25
cheese_rheo_8c9adf1d7529,plant_cheddar,25.1188,451794,58146.9,0.128702,25
cheese_rheo_c8b760392806,plant_feta,0.126491,266925,72284.2,0.270803,25
cheese_rheo_ea72985b5acd,plant_mozzarella,0.252383,407504,55270.3,0.135631,25
cheese_rheo_8c9adf1d7529,plant_cheddar,3.98105,410864,55295.6,0.134584,25
cheese_rheo_8c9adf1d7529,plant_cheddar,25.1188,451794,58146.9,0.128702,25
cheese_rheo_1bc1642eb7eb,plant_feta,12.6492,373678,163352.0,0.437146,25
cheese_rheo_c8b760392806,plant_feta,4.00003,304065,62361.3,0.205092,25
cheese_rheo_8a12f8c4da2d,plant_mozzarella,6.33961,420903,77076.0,0.18312,25
cheese_rheo_7236086d1bf4,dairy_cheddar,0.503572,468788,168585.0,0.359619,25
cheese_rheo_4746b314b0d2,dairy_cheddar,0.1,425007,156306.0,0.367774,25
cheese_rheo_8a12f8c4da2d,plant_mozzarella,0.1,384098,66978.9,0.17438,25
cheese_rheo_2d5fd8e35091,dairy_feta,3.17733,1288250,372559.0,0.289199,25
cheese_rheo_2d5fd8e35091,dairy_feta,0.126491,764744,218352.0,0.285523,25
cheese_rheo_1bc1642eb7eb,plant_feta,1.00476,269207,132081.0,0.49063,25
cheese_rheo_f999dd55b81a,plant_mozzarella,25.2383,664916,93164.8,0.140115,25
cheese_rheo_4746b314b0d2,dairy_cheddar,3.17733,628102,223155.0,0.355284,25
cheese_rheo_1bc1642eb7eb,plant_feta,1.26491,277037,134712.0,0.486262,25
cheese_rheo_f999dd55b81a,plant_mozzarella,0.798103,583605,80174.6,0.137378,25
cheese_rheo_4746b314b0d2,dairy_cheddar,25.2383,757014,307660.0,0.406412,25
cheese_rheo_43f61c34f7b2,dairy_mozzarella,4.00003,294986,94679.0,0.320961,25
cheese_rheo_c8b760392806,plant_feta,2.52384,298291,63251.6,0.212047,25
cheese_rheo_3d3025531656,dairy_mozzarella,0.200475,207843,72454.5,0.348602,25
cheese_rheo_8a12f8c4da2d,plant_mozzarella,0.4,384575,68775.7,0.178835,25
cheese_rheo_6c53f905caa7,plant_feta,0.200475,230724,206344.0,0.894334,25
cheese_rheo_ffe0014387aa,plant_cheddar,0.398107,298097,67816.5,0.227498,25
cheese_rheo_f999dd55b81a,plant_mozzarella,12.6492,651091,90941.2,0.139675,25
cheese_rheo_8c9adf1d7529,plant_cheddar,15.849,441296,57125.0,0.129448,25
cheese_rheo_efba4e3bce95,dairy_cheddar,20.0475,993780,345560.0,0.347723,25
cheese_rheo_9e358f6dde22,dairy_feta,0.159243,417941,125716.0,0.300798,25
cheese_rheo_1bc1642eb7eb,plant_feta,0.200475,213711,105492.0,0.493622,25
cheese_rheo_43f61c34f7b2,dairy_mozzarella,6.33961,315562,101760.0,0.322472,25
cheese_rheo_ffe0014387aa,plant_cheddar,3.98105,322435,66358.4,0.205804,25
cheese_rheo_ffe0014387aa,plant_cheddar,0.316228,298202,67922.8,0.227774,25
cheese_rheo_ea0a03a926f1,plant_cheddar,1.59243,450951,33351.6,0.0739585,25
cheese_rheo_8c9adf1d7529,plant_cheddar,1.25892,390300,52652.1,0.134902,25
cheese_rheo_8c9adf1d7529,plant_cheddar,0.15849,366370,52651.0,0.14371,25
cheese_rheo_8a12f8c4da2d,plant_mozzarella,0.200475,381157,68648.5,0.180106,25
cheese_rheo_4746b314b0d2,dairy_cheddar,1.26491,570302,199413.0,0.349663,25
cheese_rheo_7236086d1bf4,dairy_cheddar,1.00476,516637,182291.0,0.352841,25
cheese_rheo_c8b760392806,plant_feta,12.6492,316441,59801.2,0.188981,25
cheese_rheo_9e358f6dde22,dairy_feta,0.1,383473,117149.0,0.305493,25
cheese_rheo_4e15653d79b9,plant_cheddar,3.17733,465271,38568.1,0.0828938,25
cheese_rheo_887f199562ea,dairy_cheddar,0.1,346112,131838.0,0.38091,25
cheese_rheo_f999dd55b81a,plant_mozzarella,0.159243,566767,79654.8,0.140542,25
cheese_rheo_ea0a03a926f1,plant_cheddar,2.52384,456139,34636.9,0.075935,25
cheese_rheo_7236086d1bf4,dairy_cheddar,2.52384,586321,203835.0,0.347651,25
cheese_rheo_480b1108b018,dairy_feta,0.798103,985905,291642.0,0.295812,25
cheese_rheo_e594cc002175,plant_mozzarella,3.17733,388286,76429.5,0.196838,25
cheese_rheo_887f199562ea,dairy_cheddar,1.26491,437863,173694.0,0.396687,25
cheese_rheo_9e358f6dde22,dairy_feta,15.9242,973204,305967.0,0.314391,25
cheese_rheo_b383986cc83e,plant_cheddar,7.98103,470149,43188.3,0.0918609,25
cheese_rheo_1bc1642eb7eb,plant_feta,0.159243,204709,100786.0,0.492337,25
cheese_rheo_8f07b1ed90e6,plant_mozzarella,0.633961,439545,65315.4,0.148598,25
cheese_rheo_8f07b1ed90e6,plant_mozzarella,10.0476,485875,75634.9,0.155668,25
cheese_rheo_4746b314b0d2,dairy_cheddar,0.200475,464857,165957.0,0.357006,25
cheese_rheo_480b1108b018,dairy_feta,0.317731,846907,248943.0,0.293944,25
cheese_rheo_e594cc002175,plant_mozzarella,0.317731,358265,70722.0,0.197402,25
cheese_rheo_8a12f8c4da2d,plant_mozzarella,1.00476,392316,70753.5,0.180348,25
cheese_rheo_9e358f6dde22,dairy_feta,5.03577,780044,238215.0,0.305386,25
cheese_rheo_43f61c34f7b2,dairy_mozzarella,0.317731,202450,71217.2,0.351777,25
cheese_rheo_f999dd55b81a,plant_mozzarella,0.100476,565735,79336.5,0.140236,25
cheese_rheo_2d5fd8e35091,dairy_feta,6.33961,1443250,422122.0,0.29248,25
cheese_rheo_ffe0014387aa,plant_cheddar,1.0,303328,66879.9,0.220487,25
cheese_rheo_4e15653d79b9,plant_cheddar,2.52384,462248,37604.5,0.0813515,25
cheese_rheo_ea0a03a926f1,plant_cheddar,0.503572,440984,32179.1,0.0729712,25
cheese_rheo_ffe0014387aa,plant_cheddar,39.8105,357070,61341.3,0.171791,25
cheese_rheo_ba444256711d,dairy_feta,1.26491,1405160,408589.0,0.290777,25
cheese_rheo_4e2a0a130dcc,dairy_feta,4.00003,1311790,382853.0,0.291856,25
cheese_rheo_4746b314b0d2,dairy_cheddar,2.52384,613442,216798.0,0.353413,25
cheese_rheo_c8b760392806,plant_feta,0.317731,277200,68469.3,0.247003,25
cheese_rheo_4e2a0a130dcc,dairy_feta,0.317731,863769,244253.0,0.282775,25
cheese_rheo_4746b314b0d2,dairy_cheddar,1.59243,584126,204956.0,0.350877,25
cheese_rheo_ffe0014387aa,plant_cheddar,15.849,346581,63804.3,0.184097,25
cheese_rheo_4e2a0a130dcc,dairy_feta,15.9242,1650310,504766.0,0.305862,25
cheese_rheo_6c53f905caa7,plant_feta,4.00003,343180,308614.0,0.899278,25
cheese_rheo_6c53f905caa7,plant_feta,20.0475,456761,362849.0,0.794396,25
cheese_rheo_c8b760392806,plant_feta,31.7731,305848,55406.3,0.181156,25
cheese_rheo_480b1108b018,dairy_feta,0.4,881644,258458.0,0.293155,25
cheese_rheo_9e358f6dde22,dairy_feta,1.59243,634123,190990.0,0.301187,25
cheese_rheo_9e358f6dde22,dairy_feta,3.17733,716829,217118.0,0.302887,25
cheese_rheo_b383986cc83e,plant_cheddar,20.0475,484201,48476.0,0.100115,25
cheese_rheo_e594cc002175,plant_mozzarella,0.126491,355741,69934.2,0.196587,25
cheese_rheo_480b1108b018,dairy_feta,0.200475,783857,229152.0,0.292339,25
cheese_rheo_ffe0014387aa,plant_cheddar,0.501188,299584,67618.7,0.225709,25
cheese_rheo_4e2a0a130dcc,dairy_feta,25.2383,1792560,563737.0,0.314488,25
cheese_rheo_e594cc002175,plant_mozzarella,25.2383,424026,81494.0,0.192191,25
cheese_rheo_8c9adf1d7529,plant_cheddar,79.4327,446979,61093.6,0.136681,25
cheese_rheo_b383986cc83e,plant_cheddar,0.633961,436227,34816.3,0.0798125,25
cheese_rheo_8a12f8c4da2d,plant_mozzarella,1.59243,397903,71393.6,0.179425,25
cheese_rheo_4e15653d79b9,plant_cheddar,2.00475,459232,36768.3,0.0800648,25
cheese_rheo_f999dd55b81a,plant_mozzarella,0.317731,571542,79661.8,0.13938,25
cheese_rheo_c8b760392806,plant_feta,1.59243,292651,63691.6,0.217637,25
cheese_rheo_6c53f905caa7,plant_feta,0.633961,263737,247207.0,0.937324,25
cheese_rheo_6c53f905caa7,plant_feta,2.52384,318927,292058.0,0.915753,25
cheese_rheo_8f07b1ed90e6,plant_mozzarella,15.9242,493761,77728.4,0.157421,25
cheese_rheo_80ff05481ad9,plant_feta,20.0475,509375,437871.0,0.859624,25
cheese_rheo_3d3025531656,dairy_mozzarella,0.798103,259157,83676.3,0.322879,25
cheese_rheo_8c9adf1d7529,plant_cheddar,1.99526,397544,53784.6,0.135292,25
cheese_rheo_ffe0014387aa,plant_cheddar,3.16229,318448,66530.4,0.208921,25
cheese_rheo_9bbee09cb4be,dairy_mozzarella,0.126491,157693,57505.6,0.364668,25
cheese_rheo_43f61c34f7b2,dairy_mozzarella,0.798103,232020,77261.5,0.332996,25
cheese_rheo_887f199562ea,dairy_cheddar,4.00003,482486,199331.0,0.413133,25
cheese_rheo_efba4e3bce95,dairy_cheddar,0.4,600971,208652.0,0.347191,25
cheese_rheo_0ce8e929e697,dairy_mozzarella,0.126491,140244,53902.2,0.384347,25
cheese_rheo_b383986cc83e,plant_cheddar,12.6492,477611,45677.6,0.0956376,25
cheese_rheo_80ff05481ad9,plant_feta,0.633961,321833,305910.0,0.950524,25
cheese_rheo_8c9adf1d7529,plant_cheddar,0.794327,383843,52276.2,0.136192,25
cheese_rheo_ffe0014387aa,plant_cheddar,2.51189,314522,66572.6,0.211663,25
cheese_rheo_2d5fd8e35091,dairy_feta,25.2383,1818600,557309.0,0.30645,25
cheese_rheo_7236086d1bf4,dairy_cheddar,0.317731,439498,160336.0,0.364815,25
cheese_rheo_caf5fd7a2800,plant_feta,12.6492,242627,203376.0,0.838228,25
cheese_rheo_887f199562ea,dairy_cheddar,20.0475,551530,254665.0,0.461742,25
cheese_rheo_4e2a0a130dcc,dairy_feta,0.252383,830117,235833.0,0.284096,25
cheese_rheo_8c9adf1d7529,plant_cheddar,100.0,430078,61296.8,0.142525,25
cheese_rheo_0ce8e929e697,dairy_mozzarella,0.317731,163961,58350.9,0.355882,25
cheese_rheo_c8b760392806,plant_feta,0.252383,275241,69446.7,0.252312,25
cheese_rheo_7236086d1bf4,dairy_cheddar,0.100476,371014,144045.0,0.388246,25
cheese_rheo_3d3025531656,dairy_mozzarella,12.6492,379716,124971.0,0.329116,25
cheese_rheo_efba4e3bce95,dairy_cheddar,3.17733,786614,261873.0,0.332911,25
cheese_rheo_e594cc002175,plant_mozzarella,0.798103,366884,72146.1,0.196645,25
cheese_rheo_4e15653d79b9,plant_cheddar,0.798103,447991,34393.6,0.076773,25
cheese_rheo_4746b314b0d2,dairy_cheddar,0.503572,516379,180471.0,0.349493,25
cheese_rheo_80ff05481ad9,plant_feta,31.7731,552037,445032.0,0.806165,25
cheese_rheo_c8b760392806,plant_feta,0.798103,285207,65170.5,0.228503,25
cheese_rheo_480b1108b018,dairy_feta,12.6492,1530760,478698.0,0.312719,25
cheese_rheo_8c9adf1d7529,plant_cheddar,0.199526,368453,52290.6,0.141919,25
cheese_rheo_efba4e3bce95,dairy_cheddar,0.200475,546435,194972.0,0.356807,25
cheese_rheo_f999dd55b81a,plant_mozzarella,1.00476,587343,80251.1,0.136634,25
cheese_rheo_6c53f905caa7,plant_feta,0.100476,226877,174588.0,0.769528,25
cheese_rheo_e594cc002175,plant_mozzarella,0.633961,364288,71648.0,0.19668,25
cheese_rheo_ffe0014387aa,plant_cheddar,0.199526,300521,68820.6,0.229004,25
cheese_rheo_480b1108b018,dairy_feta,15.9242,1592780,502549.0,0.315516,25
cheese_rheo_ea72985b5acd,plant_mozzarella,0.159243,402510,55130.0,0.136966,25
cheese_rheo_8f07b1ed90e6,plant_mozzarella,1.59243,451357,67184.6,0.14885,25
cheese_rheo_4746b314b0d2,dairy_cheddar,1.00476,556894,194979.0,0.350119,25
cheese_rheo_f999dd55b81a,plant_mozzarella,10.0476,643846,89730.8,0.139367,25
cheese_rheo_ea72985b5acd,plant_mozzarella,1.26491,428977,55406.1,0.129159,25
cheese_rheo_b383986cc83e,plant_cheddar,0.1,419163,36859.3,0.0879355,25
cheese_rheo_e594cc002175,plant_mozzarella,2.52384,384124,75581.9,0.196764,25
cheese_rheo_b383986cc83e,plant_cheddar,0.798103,438398,35030.9,0.0799067,25
cheese_rheo_480b1108b018,dairy_feta,31.7731,1795680,589981.0,0.328557,25
cheese_rheo_6c53f905caa7,plant_feta,6.33961,370457,324883.0,0.876981,25
cheese_rheo_4746b314b0d2,dairy_cheddar,0.100476,422432,156534.0,0.370554,25
cheese_rheo_2d5fd8e35091,dairy_feta,0.633961,995016,282553.0,0.283968,25
cheese_rheo_6c53f905caa7,plant_feta,0.503572,256498,238857.0,0.931226,25
cheese_rheo_0ce8e929e697,dairy_mozzarella,0.633961,183994,62277.8,0.338478,25
cheese_rheo_43f61c34f7b2,dairy_mozzarella,2.52384,275469,88669.4,0.321886,25
cheese_rheo_4e2a0a130dcc,dairy_feta,2.52384,1218350,352395.0,0.289239,25
cheese_rheo_9e358f6dde22,dairy_feta,0.200475,436921,130954.0,0.299721,25
cheese_rheo_3d3025531656,dairy_mozzarella,0.503572,241656,80094.8,0.331442,25
cheese_rheo_3d3025531656,dairy_mozzarella,15.9242,390429,130729.0,0.334834,25
cheese_rheo_caf5fd7a2800,plant_feta,7.98103,223529,191765.0,0.857896,25
cheese_rheo_4e15653d79b9,plant_cheddar,7.98103,482648,43992.9,0.0911491,25
cheese_rheo_ea0a03a926f1,plant_cheddar,2.00475,453508,34034.6,0.0750473,25
cheese_rheo_0ce8e929e697,dairy_mozzarella,0.4,170483,59587.9,0.349523,25
cheese_rheo_efba4e3bce95,dairy_cheddar,1.59243,719632,240611.0,0.334352,25
cheese_rheo_9bbee09cb4be,dairy_mozzarella,1.59243,247228,78338.2,0.316866,25
cheese_rheo_b383986cc83e,plant_cheddar,1.26491,443104,35931.4,0.0810904,25
cheese_rheo_6c53f905caa7,plant_feta,3.17733,331039,300201.0,0.906846,25
cheese_rheo_4746b314b0d2,dairy_cheddar,20.0475,744231,294862.0,0.396197,25
cheese_rheo_2d5fd8e35091,dairy_feta,0.252383,858013,241824.0,0.281842,25
cheese_rheo_8c9adf1d7529,plant_cheddar,10.0001,430518,56335.6,0.130855,25
cheese_rheo_ea0a03a926f1,plant_cheddar,20.0475,479454,42413.6,0.0884624,25
cheese_rheo_9bbee09cb4be,dairy_mozzarella,20.0475,364763,123607.0,0.338869,25
cheese_rheo_7236086d1bf4,dairy_cheddar,2.00475,567468,197696.0,0.348382,25
cheese_rheo_caf5fd7a2800,plant_feta,0.4,136606,127614.0,0.934175,25
cheese_rheo_43f61c34f7b2,dairy_mozzarella,0.633961,224199,75345.9,0.336067,25
cheese_rheo_caf5fd7a2800,plant_feta,1.26491,161532,150797.0,0.933545,25
cheese_rheo_ffe0014387aa,plant_cheddar,7.94327,334625,65434.4,0.195545,25
cheese_rheo_7236086d1bf4,dairy_cheddar,25.2383,791072,289728.0,0.366247,25
cheese_rheo_efba4e3bce95,dairy_cheddar,6.33961,859269,287241.0,0.334285,25
cheese_rheo_caf5fd7a2800,plant_feta,0.100476,132766,101088.0,0.761398,25
cheese_rheo_887f199562ea,dairy_cheddar,6.33961,501826,211894.0,0.422247,25
cheese_rheo_ffe0014387aa,plant_cheddar,5.01186,326537,66131.8,0.202525,25
cheese_rheo_4746b314b0d2,dairy_cheddar,0.317731,490115,172511.0,0.35198,25
cheese_rheo_4746b314b0d2,dairy_cheddar,40.0,771305,332959.0,0.431683,25
cheese_rheo_480b1108b018,dairy_feta,0.503572,914603,269668.0,0.294847,25
cheese_rheo_882c53b17985,dairy_mozzarella,0.100476,149792,56708.8,0.378582,25
cheese_rheo_ffe0014387aa,plant_cheddar,19.9526,350345,63228.2,0.180474,25
cheese_rheo_8f07b1ed90e6,plant_mozzarella,25.2383,496386,78620.6,0.158386,25
cheese_rheo_ea0a03a926f1,plant_cheddar,0.4,439080,32470.0,0.0739501,25
cheese_rheo_882c53b17985,dairy_mozzarella,31.7731,360304,128155.0,0.355685,25
cheese_rheo_b383986cc83e,plant_cheddar,0.317731,431614,35036.6,0.0811758,25
cheese_rheo_3d3025531656,dairy_mozzarella,2.00475,295482,93257.3,0.315611,25
cheese_rheo_ba444256711d,dairy_feta,0.317731,1122950,322614.0,0.287292,25
cheese_rheo_f999dd55b81a,plant_mozzarella,0.126491,565918,79362.5,0.140237,25
cheese_rheo_0ce8e929e697,dairy_mozzarella,2.52384,228772,73615.7,0.321787,25
cheese_rheo_9bbee09cb4be,dairy_mozzarella,1.26491,238371,75998.3,0.318824,25
cheese_rheo_887f199562ea,dairy_cheddar,7.98103,511700,219024.0,0.428031,25
cheese_rheo_9bbee09cb4be,dairy_mozzarella,0.100476,150690,55744.6,0.369929,25
cheese_rheo_2d5fd8e35091,dairy_feta,0.798103,1031370,293701.0,0.284767,25
cheese_rheo_e594cc002175,plant_mozzarella,2.00475,380285,74681.6,0.196383,25
cheese_rheo_4e15653d79b9,plant_cheddar,0.1,426597,33639.1,0.0788546,25
cheese_rheo_0ce8e929e697,dairy_mozzarella,3.17733,236836,76093.4,0.321291,25
cheese_rheo_ffe0014387aa,plant_cheddar,0.15849,302978,68483.5,0.226035,25
cheese_rheo_efba4e3bce95,dairy_cheddar,1.26491,699418,235037.0,0.336046,25
cheese_rheo_1bc1642eb7eb,plant_feta,40.0,419449,176077.0,0.419782,25
cheese_rheo_6c53f905caa7,plant_feta,40.0,477097,371283.0,0.778212,25
cheese_rheo_c8b760392806,plant_feta,0.159243,270399,71076.7,0.262858,25
cheese_rheo_80ff05481ad9,plant_feta,2.52384,378646,357450.0,0.944023,25
cheese_rheo_80ff05481ad9,plant_feta,0.252383,286240,264541.0,0.924193,25
cheese_rheo_e594cc002175,plant_mozzarella,0.252383,356763,70104.0,0.1965,25
cheese_rheo_887f199562ea,dairy_cheddar,2.00475,454619,182860.0,0.402226,25
cheese_rheo_2fb28bc39b10,dairy_cheddar,2.00475,424815,152934.0,0.360001,25
cheese_rheo_caf5fd7a2800,plant_feta,3.17733,188390,170152.0,0.903191,25
cheese_rheo_caf5fd7a2800,plant_feta,0.317731,133080,122158.0,0.917931,25
cheese_rheo_80ff05481ad9,plant_feta,3.17733,390328,366336.0,0.938533,25
cheese_rheo_8c9adf1d7529,plant_cheddar,19.9526,446822,57635.2,0.128989,25
cheese_rheo_9bbee09cb4be,dairy_mozzarella,0.4,195749,65795.8,0.336124,25
cheese_rheo_ffe0014387aa,plant_cheddar,0.794327,301942,67305.2,0.222907,25
cheese_rheo_9bbee09cb4be,dairy_mozzarella,3.17733,275697,86835.1,0.314966,25
cheese_rheo_efba4e3bce95,dairy_cheddar,0.159243,529388,192048.0,0.362774,25
cheese_rheo_8f07b1ed90e6,plant_mozzarella,0.252383,432128,63921.1,0.147922,25
cheese_rheo_caf5fd7a2800,plant_feta,1.59243,167166,155620.0,0.930928,25
cheese_rheo_2d5fd8e35091,dairy_feta,12.6492,1617800,481535.0,0.297649,25
cheese_rheo_8c9adf1d7529,plant_cheddar,0.316228,372328,52528.6,0.141081,25
cheese_rheo_4e15653d79b9,plant_cheddar,20.0475,500896,51496.8,0.10281,25
cheese_rheo_882c53b17985,dairy_mozzarella,12.6492,328438,105386.0,0.320871,25
cheese_rheo_8f07b1ed90e6,plant_mozzarella,0.159243,428340,64198.7,0.149878,25
cheese_rheo_9e358f6dde22,dairy_feta,2.00475,660154,198776.0,0.301106,25
cheese_rheo_3d3025531656,dairy_mozzarella,0.633961,250551,81682.4,0.326011,25
cheese_rheo_ea72985b5acd,plant_mozzarella,2.00475,436206,56414.9,0.129331,25
cheese_rheo_7236086d1bf4,dairy_cheddar,4.00003,624216,216170.0,0.346307,25
cheese_rheo_8f07b1ed90e6,plant_mozzarella,0.4,435638,64523.1,0.148112,25
cheese_rheo_8f07b1ed90e6,plant_mozzarella,1.00476,444517,66049.9,0.148588,25
cheese_rheo_ba444256711d,dairy_feta,6.33961,1811640,539583.0,0.297843,25
cheese_rheo_e594cc002175,plant_mozzarella,4.00003,392664,77285.5,0.196824,25
cheese_rheo_887f199562ea,dairy_cheddar,1.59243,446424,178040.0,0.398814,25
cheese_rheo_ea72985b5acd,plant_mozzarella,0.633961,418980,54890.4,0.13101,25
cheese_rheo_ea0a03a926f1,plant_cheddar,1.00476,446670,32761.0,0.0733448,25
cheese_rheo_4e15653d79b9,plant_cheddar,0.317731,437591,33611.8,0.0768111,25
cheese_rheo_2d5fd8e35091,dairy_feta,40.0,1965780,623719.0,0.317288,25
cheese_rheo_8a12f8c4da2d,plant_mozzarella,0.633961,387932,69490.1,0.179129,25
cheese_rheo_887f199562ea,dairy_cheddar,0.252383,381489,144999.0,0.380088,25
cheese_rheo_8c9adf1d7529,plant_cheddar,63.0957,455190,60189.8,0.13223,25
cheese_rheo_c8b760392806,plant_feta,0.633961,283058,65850.1,0.232638,25
cheese_rheo_1bc1642eb7eb,plant_feta,4.00003,320439,148516.0,0.463476,25
cheese_rheo_b383986cc83e,plant_cheddar,25.2383,486973,50098.7,0.102878,25
cheese_rheo_caf5fd7a2800,plant_feta,0.252383,133252,119604.0,0.897577,25
cheese_rheo_e594cc002175,plant_mozzarella,1.59243,376489,73860.5,0.196183,25
cheese_rheo_80ff05481ad9,plant_feta,40.0,529688,445065.0,0.84024,25
cheese_rheo_43f61c34f7b2,dairy_mozzarella,1.26491,248506,81505.5,0.327982,25
cheese_rheo_f999dd55b81a,plant_mozzarella,0.252383,569412,79906.2,0.140331,25
cheese_rheo_4e15653d79b9,plant_cheddar,40.0,516617,61325.1,0.118705,25
cheese_rheo_8c9adf1d7529,plant_cheddar,79.4327,446979,61093.6,0.136681,25
cheese_rheo_f999dd55b81a,plant_mozzarella,3.17733,612265,84043.4,0.137266,25
cheese_rheo_ea72985b5acd,plant_mozzarella,0.503572,415993,54786.3,0.1317,25
cheese_rheo_0ce8e929e697,dairy_mozzarella,2.00475,221072,71143.3,0.321811,25
cheese_rheo_43f61c34f7b2,dairy_mozzarella,0.159243,181101,67435.2,0.372362,25
cheese_rheo_b383986cc83e,plant_cheddar,10.0476,473836,44375.8,0.0936522,25
cheese_rheo_2fb28bc39b10,dairy_cheddar,4.00003,462603,167015.0,0.361034,25
cheese_rheo_8f07b1ed90e6,plant_mozzarella,1.26491,447987,66495.7,0.148432,25
cheese_rheo_4e2a0a130dcc,dairy_feta,1.26491,1092660,312623.0,0.286111,25
cheese_rheo_6c53f905caa7,plant_feta,15.9242,436538,357004.0,0.817807,25
cheese_rheo_43f61c34f7b2,dairy_mozzarella,1.00476,239945,79184.1,0.33001,25
cheese_rheo_ea0a03a926f1,plant_cheddar,7.98103,469404,38431.0,0.0818721,25
cheese_rheo_ea72985b5acd,plant_mozzarella,0.126491,400183,55305.1,0.138199,25
cheese_rheo_8c9adf1d7529,plant_cheddar,2.51189,401735,54206.6,0.134931,25
cheese_rheo_0ce8e929e697,dairy_mozzarella,7.98103,271850,88215.5,0.3245,25
cheese_rheo_8f07b1ed90e6,plant_mozzarella,2.00475,455074,68130.9,0.149714,25
cheese_rheo_6c53f905caa7,plant_feta,1.00476,279819,262148.0,0.936848,25
cheese_rheo_3d3025531656,dairy_mozzarella,10.0476,369198,119688.0,0.324185,25
cheese_rheo_ea0a03a926f1,plant_cheddar,0.1,428134,34643.4,0.080917,25
cheese_rheo_2fb28bc39b10,dairy_cheddar,40.0,587580,238161.0,0.405326,25
cheese_rheo_2d5fd8e35091,dairy_feta,0.317731,890278,253155.0,0.284355,25
cheese_rheo_4e2a0a130dcc,dairy_feta,0.200475,797253,225201.0,0.282472,25
cheese_rheo_80ff05481ad9,plant_feta,0.159243,274712,243196.0,0.885278,25
cheese_rheo_ea0a03a926f1,plant_cheddar,1.26491,448902,33044.5,0.0736118,25
cheese_rheo_8c9adf1d7529,plant_cheddar,19.9526,446822,57635.2,0.128989,25
cheese_rheo_ba444256711d,dairy_feta,12.6492,2029610,615538.0,0.30328,25
cheese_rheo_efba4e3bce95,dairy_cheddar,5.03577,834046,278132.0,0.333473,25
cheese_rheo_7236086d1bf4,dairy_cheddar,31.7731,810900,302338.0,0.372843,25
cheese_rheo_4e2a0a130dcc,dairy_feta,10.0476,1523880,456553.0,0.299598,25
cheese_rheo_ba444256711d,dairy_feta,5.03577,1745670,517766.0,0.296599,25
cheese_rheo_8c9adf1d7529,plant_cheddar,63.0957,455190,60189.8,0.13223,25
cheese_rheo_8a12f8c4da2d,plant_mozzarella,4.00003,412456,74894.0,0.181581,25
cheese_rheo_e594cc002175,plant_mozzarella,20.0475,423229,81675.1,0.192981,25
cheese_rheo_1bc1642eb7eb,plant_feta,5.03577,330397,151339.0,0.458054,25
cheese_rheo_9bbee09cb4be,dairy_mozzarella,2.52384,265649,83694.3,0.315056,25
cheese_rheo_8c9adf1d7529,plant_cheddar,1.5849,393895,53182.7,0.135017,25
cheese_rheo_882c53b17985,dairy_mozzarella,25.2383,355337,122154.0,0.343769,25
cheese_rheo_ea0a03a926f1,plant_cheddar,25.2383,480694,43539.2,0.0905758,25
cheese_rheo_7236086d1bf4,dairy_cheddar,1.59243,550515,192348.0,0.349397,25
cheese_rheo_8a12f8c4da2d,plant_mozzarella,15.9242,436965,81567.6,0.186669,25
cheese_rheo_f999dd55b81a,plant_mozzarella,40.0,659645,93607.1,0.141905,25
cheese_rheo_4e15653d79b9,plant_cheddar,4.00003,469255,39767.7,0.0847464,25
cheese_rheo_b383986cc83e,plant_cheddar,2.00475,448703,37117.7,0.0827223,25
cheese_rheo_9bbee09cb4be,dairy_mozzarella,0.159243,164976,59384.1,0.359955,25
cheese_rheo_2fb28bc39b10,dairy_cheddar,0.4,347965,129416.0,0.371924,25
cheese_rheo_43f61c34f7b2,dairy_mozzarella,20.0475,367380,125151.0,0.340659,25
cheese_rheo_ffe0014387aa,plant_cheddar,50.119,355680,60656.2,0.170536,25
cheese_rheo_ba444256711d,dairy_feta,0.252383,1078710,312644.0,0.289832,25
cheese_rheo_0ce8e929e697,dairy_mozzarella,0.798103,190901,63940.4,0.334941,25
cheese_rheo_4746b314b0d2,dairy_cheddar,0.159243,450443,161666.0,0.358905,25
cheese_rheo_efba4e3bce95,dairy_cheddar,4.00003,809434,269567.0,0.333031,25
cheese_rheo_2d5fd8e35091,dairy_feta,7.98103,1498890,440580.0,0.293938,25
cheese_rheo_ea72985b5acd,plant_mozzarella,5.03577,453291,59223.1,0.130651,25
cheese_rheo_1bc1642eb7eb,plant_feta,0.100476,192978,89351.1,0.463013,25
cheese_rheo_efba4e3bce95,dairy_cheddar,0.100476,494292,181867.0,0.367933,25
cheese_rheo_882c53b17985,dairy_mozzarella,40.0,358379,135266.0,0.377437,25
cheese_rheo_c8b760392806,plant_feta,20.0475,316386,57812.2,0.182727,25
cheese_rheo_9e358f6dde22,dairy_feta,10.0476,888885,275150.0,0.309545,25
cheese_rheo_9e358f6dde22,dairy_feta,40.0,1172030,391120.0,0.333712,25
cheese_rheo_8c9adf1d7529,plant_cheddar,0.398107,375118,51916.9,0.138402,25
cheese_rheo_80ff05481ad9,plant_feta,25.2383,528247,443572.0,0.839705,25
cheese_rheo_e594cc002175,plant_mozzarella,0.159243,355389,70165.9,0.197434,25
cheese_rheo_43f61c34f7b2,dairy_mozzarella,0.4,209217,72144.5,0.344832,25
cheese_rheo_1bc1642eb7eb,plant_feta,0.317731,229955,114170.0,0.496488,25
cheese_rheo_7236086d1bf4,dairy_cheddar,0.4,454501,164406.0,0.36173,25
cheese_rheo_882c53b17985,dairy_mozzarella,3.17733,268423,83143.9,0.309749,25
cheese_rheo_9bbee09cb4be,dairy_mozzarella,12.6492,341505,111700.0,0.32708,25
cheese_rheo_8f07b1ed90e6,plant_mozzarella,7.98103,481713,74464.0,0.154582,25
cheese_rheo_0ce8e929e697,dairy_mozzarella,1.26491,205830,67466.0,0.327776,25
cheese_rheo_887f199562ea,dairy_cheddar,0.317731,389399,148655.0,0.381756,25
cheese_rheo_c8b760392806,plant_feta,15.9242,317172,58890.8,0.185675,25
cheese_rheo_ba444256711d,dairy_feta,0.200475,1039410,299758.0,0.288392,25
cheese_rheo_43f61c34f7b2,dairy_mozzarella,3.17733,285124,91578.0,0.321187,25
cheese_rheo_2fb28bc39b10,dairy_cheddar,0.503572,357739,131491.0,0.367561,25
cheese_rheo_43f61c34f7b2,dairy_mozzarella,12.6492,347427,114540.0,0.329682,25
cheese_rheo_b383986cc83e,plant_cheddar,4.00003,459158,39946.0,0.0869983,25
cheese_rheo_ea0a03a926f1,plant_cheddar,40.0,479707,46187.4,0.0962824,25
cheese_rheo_ba444256711d,dairy_feta,15.9242,2109300,644987.0,0.305782,25
cheese_rheo_8c9adf1d7529,plant_cheddar,6.30957,420228,55802.6,0.132791,25
cheese_rheo_b383986cc83e,plant_cheddar,40.0,490120,54072.9,0.110326,25
cheese_rheo_8a12f8c4da2d,plant_mozzarella,31.7731,436396,83741.1,0.191892,25
cheese_rheo_9bbee09cb4be,dairy_mozzarella,6.33961,307110,97529.0,0.317571,25
cheese_rheo_ea72985b5acd,plant_mozzarella,0.4,413104,54695.6,0.132402,25
cheese_rheo_c8b760392806,plant_feta,1.00476,287471,64594.0,0.224697,25
cheese_rheo_887f199562ea,dairy_cheddar,12.6492,531996,235116.0,0.44195,25
cheese_rheo_caf5fd7a2800,plant_feta,20.0475,265793,213106.0,0.801772,25
cheese_rheo_3d3025531656,dairy_mozzarella,0.159243,199595,71190.6,0.356675,25
cheese_rheo_2d5fd8e35091,dairy_feta,2.52384,1240890,357543.0,0.288133,25
cheese_rheo_efba4e3bce95,dairy_cheddar,2.00475,741357,247332.0,0.333621,25
cheese_rheo_8c9adf1d7529,plant_cheddar,31.623,455875,58734.4,0.128839,25
cheese_rheo_8a12f8c4da2d,plant_mozzarella,0.100476,379842,68101.4,0.179289,25
cheese_rheo_7236086d1bf4,dairy_cheddar,10.0476,706771,248579.0,0.351711,25
cheese_rheo_f999dd55b81a,plant_mozzarella,5.03577,624332,86330.1,0.138276,25
cheese_rheo_ba444256711d,dairy_feta,2.52384,1564420,459335.0,0.293614,25
cheese_rheo_1bc1642eb7eb,plant_feta,31.7731,419983,173477.0,0.413057,25
cheese_rheo_c8b760392806,plant_feta,0.503572,281135,66775.5,0.237521,25
cheese_rheo_4e2a0a130dcc,dairy_feta,6.33961,1412280,417021.0,0.295282,25
cheese_rheo_2fb28bc39b10,dairy_cheddar,1.26491,401208,145208.0,0.361928,25
cheese_rheo_ba444256711d,dairy_feta,0.1,910670,265253.0,0.291273,25
cheese_rheo_0ce8e929e697,dairy_mozzarella,0.100476,135064,52671.5,0.389975,25
cheese_rheo_f999dd55b81a,plant_mozzarella,7.98103,637453,88584.8,0.138967,25
cheese_rheo_80ff05481ad9,plant_feta,1.26491,349697,332483.0,0.950774,25
cheese_rheo_ffe0014387aa,plant_cheddar,6.30957,330634,65859.0,0.19919,25
cheese_rheo_ffe0014387aa,plant_cheddar,31.623,356157,62056.8,0.17424,25
cheese_rheo_b383986cc83e,plant_cheddar,1.59243,446083,36765.9,0.0824194,25
cheese_rheo_caf5fd7a2800,plant_feta,2.00475,174204,160385.0,0.920675,25
cheese_rheo_4e2a0a130dcc,dairy_feta,5.03577,1360860,399400.0,0.29349,25
cheese_rheo_3d3025531656,dairy_mozzarella,0.126491,191960,70081.7,0.365085,25
cheese_rheo_ffe0014387aa,plant_cheddar,0.251189,298393,68532.8,0.229673,25
cheese_rheo_ba444256711d,dairy_feta,31.7731,2371730,754101.0,0.317953,25
cheese_rheo_2fb28bc39b10,dairy_cheddar,5.03577,475839,172218.0,0.361926,25
cheese_rheo_3d3025531656,dairy_mozzarella,3.17733,315010,99224.1,0.314988,25
cheese_rheo_3d3025531656,dairy_mozzarella,25.2383,408298,144005.0,0.352695,25
cheese_rheo_8c9adf1d7529,plant_cheddar,1.25892,390300,52652.1,0.134902,25
cheese_rheo_ea0a03a926f1,plant_cheddar,3.17733,458729,35352.0,0.0770652,25
cheese_rheo_ba444256711d,dairy_feta,0.159243,999672,287048.0,0.287142,25
cheese_rheo_2fb28bc39b10,dairy_cheddar,0.252383,327597,123421.0,0.376747,25
cheese_rheo_80ff05481ad9,plant_feta,4.00003,401935,374767.0,0.932408,25
cheese_rheo_caf5fd7a2800,plant_feta,0.503572,140038,131655.0,0.940134,25
cheese_rheo_480b1108b018,dairy_feta,10.0476,1471840,456738.0,0.310318,25
cheese_rheo_7236086d1bf4,dairy_cheddar,12.6492,727894,257614.0,0.353917,25
cheese_rheo_8a12f8c4da2d,plant_mozzarella,0.317731,383453,69211.2,0.180495,25
cheese_rheo_1bc1642eb7eb,plant_feta,0.1,191292,85496.3,0.446941,25
cheese_rheo_480b1108b018,dairy_feta,0.126491,720979,213677.0,0.296371,25
cheese_rheo_2d5fd8e35091,dairy_feta,10.0476,1556860,460292.0,0.295655,25
cheese_rheo_caf5fd7a2800,plant_feta,0.633961,145119,136644.0,0.9416,25
cheese_rheo_2fb28bc39b10,dairy_cheddar,0.317731,338275,125664.0,0.371485,25
cheese_rheo_882c53b17985,dairy_mozzarella,0.252383,179002,61225.0,0.342035,25
cheese_rheo_ea0a03a926f1,plant_cheddar,10.0476,472012,39257.1,0.0831697,25
cheese_rheo_b383986cc83e,plant_cheddar,1.00476,440777,35635.4,0.0808468,25
cheese_rheo_8c9adf1d7529,plant_cheddar,2.51189,401735,54206.6,0.134931,25
cheese_rheo_887f199562ea,dairy_cheddar,15.9242,542174,244575.0,0.451101,25
cheese_rheo_480b1108b018,dairy_feta,5.03577,1312600,399574.0,0.304413,25
cheese_rheo_6c53f905caa7,plant_feta,5.03577,356037,316398.0,0.888666,25
cheese_rheo_f999dd55b81a,plant_mozzarella,1.59243,596239,81193.8,0.136176,25
cheese_rheo_caf5fd7a2800,plant_feta,0.1,132416,97461.4,0.736021,25
cheese_rheo_ffe0014387aa,plant_cheddar,79.4327,339256,59667.7,0.175878,25
cheese_rheo_c8b760392806,plant_feta,40.0,290985,54347.3,0.18677,25
cheese_rheo_43f61c34f7b2,dairy_mozzarella,1.59243,257131,83515.1,0.324795,25
cheese_rheo_1bc1642eb7eb,plant_feta,6.33961,341356,154272.0,0.451939,25
cheese_rheo_9bbee09cb4be,dairy_mozzarella,0.317731,187869,64012.7,0.34073,25
cheese_rheo_4e15653d79b9,plant_cheddar,10.0476,487341,45645.4,0.0936621,25
cheese_rheo_4e2a0a130dcc,dairy_feta,20.0475,1719830,532826.0,0.309814,25
cheese_rheo_0ce8e929e697,dairy_mozzarella,0.159243,145049,55049.2,0.379521,25
cheese_rheo_7236086d1bf4,dairy_cheddar,0.126491,384575,146658.0,0.381351,25
cheese_rheo_ea72985b5acd,plant_mozzarella,0.798103,422098,54878.9,0.130015,25
cheese_rheo_480b1108b018,dairy_feta,1.00476,1021450,303197.0,0.296829,25
cheese_rheo_b383986cc83e,plant_cheddar,0.126491,424366,36183.0,0.0852637,25
cheese_rheo_ea0a03a926f1,plant_cheddar,15.9242,477255,41268.9,0.0864715,25
cheese_rheo_8c9adf1d7529,plant_cheddar,3.16229,406302,54862.5,0.135029,25
cheese_rheo_8f07b1ed90e6,plant_mozzarella,0.126491,427280,63902.4,0.149556,25
cheese_rheo_43f61c34f7b2,dairy_mozzarella,0.1,169436,64644.0,0.381525,25
cheese_rheo_4e15653d79b9,plant_cheddar,12.6492,491922,47405.5,0.096368,25
cheese_rheo_4e15653d79b9,plant_cheddar,0.100476,425428,33704.0,0.0792238,25
cheese_rheo_4e15653d79b9,plant_cheddar,1.59243,456386,36047.4,0.0789843,25
cheese_rheo_8c9adf1d7529,plant_cheddar,39.8105,458256,59205.0,0.129196,25
cheese_rheo_0ce8e929e697,dairy_mozzarella,20.0475,309078,105198.0,0.340362,25
cheese_rheo_4e15653d79b9,plant_cheddar,6.33961,478156,42493.7,0.0888698,25
cheese_rheo_80ff05481ad9,plant_feta,2.00475,368113,349369.0,0.94908,25
cheese_rheo_2d5fd8e35091,dairy_feta,2.00475,1196630,343640.0,0.287172,25
cheese_rheo_2d5fd8e35091,dairy_feta,1.00476,1070840,305434.0,0.285229,25
cheese_rheo_8c9adf1d7529,plant_cheddar,7.94327,425277,56063.4,0.131828,25
cheese_rheo_f999dd55b81a,plant_mozzarella,20.0475,662107,92657.1,0.139943,25
cheese_rheo_c8b760392806,plant_feta,2.00475,295504,63474.2,0.2148,25
cheese_rheo_ba444256711d,dairy_feta,0.503572,1213770,349977.0,0.288338,25
cheese_rheo_2fb28bc39b10,dairy_cheddar,1.00476,389657,141921.0,0.36422,25
cheese_rheo_9e358f6dde22,dairy_feta,20.0475,1017700,323280.0,0.317658,25
cheese_rheo_887f199562ea,dairy_cheddar,0.100476,344817,132789.0,0.3851,25
cheese_rheo_882c53b17985,dairy_mozzarella,2.52384,259767,80311.6,0.309167,25
cheese_rheo_9bbee09cb4be,dairy_mozzarella,5.03577,296230,93644.2,0.31612,25
cheese_rheo_8c9adf1d7529,plant_cheddar,100.0,430078,61296.8,0.142525,25
cheese_rheo_caf5fd7a2800,plant_feta,1.00476,155427,145822.0,0.938207,25
cheese_rheo_ea0a03a926f1,plant_cheddar,6.33961,466812,37688.9,0.0807367,25
cheese_rheo_0ce8e929e697,dairy_mozzarella,0.503572,177449,60966.8,0.343572,25
cheese_rheo_8f07b1ed90e6,plant_mozzarella,6.33961,477344,73283.6,0.153524,25
cheese_rheo_8a12f8c4da2d,plant_mozzarella,0.503572,386003,69133.4,0.179101,25
cheese_rheo_ffe0014387aa,plant_cheddar,12.5892,342689,64391.6,0.187901,25
cheese_rheo_2d5fd8e35091,dairy_feta,4.00003,1337990,388339.0,0.290242,25
cheese_rheo_ea72985b5acd,plant_mozzarella,1.59243,432557,55771.2,0.128934,25
cheese_rheo_ffe0014387aa,plant_cheddar,1.25892,305513,66760.4,0.218519,25
cheese_rheo_e594cc002175,plant_mozzarella,1.26491,372998,73176.9,0.196186,25
cheese_rheo_ba444256711d,dairy_feta,40.0,2466890,801142.0,0.324758,25
cheese_rheo_caf5fd7a2800,plant_feta,0.159243,129635,110833.0,0.854962,25
cheese_rheo_0ce8e929e697,dairy_mozzarella,6.33961,262606,84631.5,0.322276,25
cheese_rheo_3d3025531656,dairy_mozzarella,4.00003,325307,102441.0,0.314907,25
cheese_rheo_4e15653d79b9,plant_cheddar,25.2383,506046,54215.7,0.107136,25
cheese_rheo_ea0a03a926f1,plant_cheddar,0.159243,432325,33343.1,0.0771252,25
cheese_rheo_9e358f6dde22,dairy_feta,0.252383,456922,137619.0,0.301188,25
cheese_rheo_caf5fd7a2800,plant_feta,25.2383,277465,217306.0,0.783183,25
cheese_rheo_80ff05481ad9,plant_feta,12.6492,473346,420094.0,0.887498,25
cheese_rheo_ea72985b5acd,plant_mozzarella,31.7731,483082,64500.6,0.133519,25
cheese_rheo_887f199562ea,dairy_cheddar,40.0,568852,291195.0,0.5119,25
cheese_rheo_7236086d1bf4,dairy_cheddar,3.17733,605061,209459.0,0.346179,25
cheese_rheo_4746b314b0d2,dairy_cheddar,5.03577,657106,237251.0,0.361054,25
cheese_rheo_1bc1642eb7eb,plant_feta,0.798103,261427,128762.0,0.492536,25
cheese_rheo_887f199562ea,dairy_cheddar,31.7731,568429,280027.0,0.492633,25
cheese_rheo_8a12f8c4da2d,plant_mozzarella,3.17733,408727,74148.6,0.181413,25
cheese_rheo_e594cc002175,plant_mozzarella,7.98103,406881,79924.8,0.196433,25
cheese_rheo_ea72985b5acd,plant_mozzarella,10.0476,467934,61805.7,0.132082,25
cheese_rheo_b383986cc83e,plant_cheddar,0.252383,429601,34998.6,0.0814677,25
cheese_rheo_9e358f6dde22,dairy_feta,1.00476,585701,176438.0,0.301243,25
cheese_rheo_ea0a03a926f1,plant_cheddar,0.317731,437179,32234.8,0.0737336,25
cheese_rheo_2d5fd8e35091,dairy_feta,1.59243,1153670,330618.0,0.28658,25
cheese_rheo_2d5fd8e35091,dairy_feta,0.4,922422,261022.0,0.282975,25
cheese_rheo_1bc1642eb7eb,plant_feta,0.126491,198207,95657.1,0.482613,25
cheese_rheo_8a12f8c4da2d,plant_mozzarella,7.98103,425185,78079.2,0.183636,25
cheese_rheo_f999dd55b81a,plant_mozzarella,2.52384,606324,82894.4,0.136716,25
cheese_rheo_8c9adf1d7529,plant_cheddar,5.01186,415414,55641.0,0.133941,25
cheese_rheo_8c9adf1d7529,plant_cheddar,50.119,458229,59661.1,0.130199,25
cheese_rheo_4746b314b0d2,dairy_cheddar,0.252383,477454,169957.0,0.355965,25
cheese_rheo_8f07b1ed90e6,plant_mozzarella,12.6492,490003,76642.5,0.156412,25
cheese_rheo_3d3025531656,dairy_mozzarella,0.100476,184190,68103.4,0.369745,25
cheese_rheo_4e15653d79b9,plant_cheddar,0.200475,433180,33331.3,0.0769456,25
cheese_rheo_b383986cc83e,plant_cheddar,3.17733,455094,38890.7,0.0854563,25
cheese_rheo_8c9adf1d7529,plant_cheddar,1.99526,397544,53784.6,0.135292,25
cheese_rheo_4e2a0a130dcc,dairy_feta,3.17733,1264320,366868.0,0.290171,25
cheese_rheo_e594cc002175,plant_mozzarella,0.100476,356546,69254.6,0.194238,25
cheese_rheo_2d5fd8e35091,dairy_feta,5.03577,1389780,404882.0,0.291329,25
cheese_rheo_43f61c34f7b2,dairy_mozzarella,0.252383,196175,69498.9,0.35427,25
cheese_rheo_1bc1642eb7eb,plant_feta,1.59243,285540,137296.0,0.48083,25
cheese_rheo_4746b314b0d2,dairy_cheddar,2.00475,598374,210345.0,0.351528,25
cheese_rheo_b383986cc83e,plant_cheddar,2.52384,451727,37960.8,0.0840349,25
cheese_rheo_8f07b1ed90e6,plant_mozzarella,0.503572,437291,65037.6,0.148728,25
cheese_rheo_f999dd55b81a,plant_mozzarella,0.633961,579879,79851.3,0.137703,25
cheese_rheo_e594cc002175,plant_mozzarella,12.6492,416218,81135.2,0.194935,25
cheese_rheo_2d5fd8e35091,dairy_feta,20.0475,1749900,530124.0,0.302945,25
cheese_rheo_887f199562ea,dairy_cheddar,25.2383,560777,266490.0,0.475216,25
cheese_rheo_480b1108b018,dairy_feta,0.252383,815516,239869.0,0.294131,25
cheese_rheo_ea0a03a926f1,plant_cheddar,12.6492,474812,40233.6,0.0847358,25
cheese_rheo_3d3025531656,dairy_mozzarella,0.1,182469,67347.5,0.369091,25
cheese_rheo_43f61c34f7b2,dairy_mozzarella,5.03577,305278,98111.1,0.321383,25
cheese_rheo_0ce8e929e697,dairy_mozzarella,4.00003,245081,78735.5,0.321263,25
cheese_rheo_882c53b17985,dairy_mozzarella,0.4,193769,64336.5,0.332027,25
cheese_rheo_2fb28bc39b10,dairy_cheddar,15.9242,544117,204212.0,0.375308,25
cheese_rheo_c8b760392806,plant_feta,0.4,279382,67437.7,0.241382,25
cheese_rheo_6c53f905caa7,plant_feta,0.252383,236469,213994.0,0.904957,25
cheese_rheo_2d5fd8e35091,dairy_feta,0.100476,731640,209616.0,0.286501,25
cheese_rheo_2fb28bc39b10,dairy_cheddar,0.159243,310022,118215.0,0.381312,25
cheese_rheo_0ce8e929e697,dairy_mozzarella,5.03577,253738,81513.7,0.321252,25
cheese_rheo_9e358f6dde22,dairy_feta,0.633961,539537,162442.0,0.301076,25
cheese_rheo_480b1108b018,dairy_feta,3.17733,1218870,367670.0,0.301648,25
cheese_rheo_6c53f905caa7,plant_feta,0.4,248804,231421.0,0.930133,25
cheese_rheo_c8b760392806,plant_feta,6.33961,309848,61696.3,0.199118,25
cheese_rheo_8c9adf1d7529,plant_cheddar,0.125892,364916,52978.7,0.145181,25
cheese_rheo_ea0a03a926f1,plant_cheddar,0.200475,433860,32816.4,0.0756383,25
cheese_rheo_0ce8e929e697,dairy_mozzarella,31.7731,324325,116734.0,0.359929,25
cheese_rheo_8f07b1ed90e6,plant_mozzarella,3.17733,463017,70052.4,0.151296,25
cheese_rheo_7236086d1bf4,dairy_cheddar,0.252383,426028,157643.0,0.370029,25
cheese_rheo_8c9adf1d7529,plant_cheddar,15.849,441296,57125.0,0.129448,25
cheese_rheo_0ce8e929e697,dairy_mozzarella,25.2383,317516,110757.0,0.348824,25
cheese_rheo_ba444256711d,dairy_feta,25.2383,2280970,713472.0,0.312793,25
cheese_rheo_b383986cc83e,plant_cheddar,15.9242,481173,47079.3,0.0978427,25
cheese_rheo_887f199562ea,dairy_cheddar,0.503572,406133,156469.0,0.385266,25
cheese_rheo_4e2a0a130dcc,dairy_feta,1.00476,1053240,300966.0,0.285753,25
cheese_rheo_3d3025531656,dairy_mozzarella,7.98103,358010,114883.0,0.320894,25
cheese_rheo_b383986cc83e,plant_cheddar,5.03577,462720,40953.1,0.0885052,25
cheese_rheo_480b1108b018,dairy_feta,2.52384,1175320,353163.0,0.300483,25
cheese_rheo_e594cc002175,plant_mozzarella,5.03577,397352,78175.7,0.196742,25
cheese_rheo_8c9adf1d7529,plant_cheddar,0.199526,368453,52290.6,0.141919,25
cheese_rheo_caf5fd7a2800,plant_feta,40.0,275802,222211.0,0.805688,25
cheese_rheo_ea72985b5acd,plant_mozzarella,0.100476,397587,56598.4,0.142355,25
cheese_rheo_9bbee09cb4be,dairy_mozzarella,10.0476,329859,106593.0,0.323147,25
cheese_rheo_80ff05481ad9,plant_feta,0.1,269651,208749.0,0.774144,25
cheese_rheo_2fb28bc39b10,dairy_cheddar,31.7731,581331,229764.0,0.395237,25
cheese_rheo_4e2a0a130dcc,dairy_feta,2.00475,1175510,338114.0,0.287631,25
cheese_rheo_0ce8e929e697,dairy_mozzarella,10.0476,281240,92123.5,0.327562,25
cheese_rheo_9e358f6dde22,dairy_feta,2.52384,687299,207700.0,0.302197,25
cheese_rheo_8a12f8c4da2d,plant_mozzarella,0.252383,382386,68391.9,0.178856,25
cheese_rheo_8a12f8c4da2d,plant_mozzarella,2.52384,404429,73154.3,0.180883,25
cheese_rheo_882c53b17985,dairy_mozzarella,0.798103,216453,69167.0,0.319548,25
cheese_rheo_9bbee09cb4be,dairy_mozzarella,0.200475,171635,60644.5,0.353333,25
cheese_rheo_ea72985b5acd,plant_mozzarella,7.98103,463067,60940.3,0.131601,25
cheese_rheo_ffe0014387aa,plant_cheddar,25.1188,353680,62699.7,0.177278,25
cheese_rheo_8f07b1ed90e6,plant_mozzarella,0.317731,433833,64319.2,0.148258,25
cheese_rheo_caf5fd7a2800,plant_feta,0.126491,130544,105801.0,0.81046,25
cheese_rheo_3d3025531656,dairy_mozzarella,6.33961,346957,110467.0,0.318388,25
cheese_rheo_80ff05481ad9,plant_feta,0.4,303545,284615.0,0.937638,25
cheese_rheo_e594cc002175,plant_mozzarella,0.503572,362052,71439.7,0.197319,25
cheese_rheo_8c9adf1d7529,plant_cheddar,50.119,458229,59661.1,0.130199,25
cheese_rheo_b383986cc83e,plant_cheddar,0.503572,434650,34784.8,0.0800295,25
cheese_rheo_80ff05481ad9,plant_feta,7.98103,440960,401054.0,0.909503,25
cheese_rheo_ffe0014387aa,plant_cheddar,100.0,318496,58648.4,0.184141,25
cheese_rheo_8c9adf1d7529,plant_cheddar,0.630957,380948,52257.0,0.137176,25
cheese_rheo_80ff05481ad9,plant_feta,6.33961,427480,392131.0,0.917309,25
cheese_rheo_4e15653d79b9,plant_cheddar,0.633961,445920,34113.1,0.0765005,25
cheese_rheo_4e2a0a130dcc,dairy_feta,0.100476,683627,198724.0,0.290691,25
cheese_rheo_ffe0014387aa,plant_cheddar,0.125892,306709,68476.6,0.223262,25
cheese_rheo_80ff05481ad9,plant_feta,10.0476,456217,410122.0,0.898964,25
cheese_rheo_80ff05481ad9,plant_feta,0.100476,267437,217867.0,0.814646,25
cheese_rheo_8a12f8c4da2d,plant_mozzarella,2.00475,401243,72231.7,0.18002,25
cheese_rheo_ea72985b5acd,plant_mozzarella,25.2383,483182,64200.8,0.132871,25
cheese_rheo_ffe0014387aa,plant_cheddar,1.99526,311013,66506.5,0.213839,25
cheese_rheo_882c53b17985,dairy_mozzarella,2.00475,250762,77846.0,0.310437,25
cheese_rheo_8c9adf1d7529,plant_cheddar,0.501188,377771,51956.1,0.137533,25
cheese_rheo_882c53b17985,dairy_mozzarella,0.126491,155837,57656.8,0.369981,25
cheese_rheo_8c9adf1d7529,plant_cheddar,0.15849,366370,52651.0,0.14371,25
cheese_rheo_7236086d1bf4,dairy_cheddar,0.798103,499944,177574.0,0.355188,25
cheese_rheo_3d3025531656,dairy_mozzarella,1.00476,267837,85703.7,0.319985,25
cheese_rheo_9e358f6dde22,dairy_feta,12.6492,929809,289908.0,0.311793,25
cheese_rheo_e594cc002175,plant_mozzarella,40.0,413282,80854.3,0.19564,25
cheese_rheo_ea0a03a926f1,plant_cheddar,31.7731,481081,44816.9,0.0931587,25
cheese_rheo_ea0a03a926f1,plant_cheddar,0.126491,430589,34200.3,0.0794267,25
cheese_rheo_ba444256711d,dairy_feta,4.00003,1683080,497159.0,0.295386,25
cheese_rheo_2fb28bc39b10,dairy_cheddar,0.100476,289962,113161.0,0.390262,25
cheese_rheo_43f61c34f7b2,dairy_mozzarella,0.503572,216513,74039.1,0.341961,25
cheese_rheo_4746b314b0d2,dairy_cheddar,0.798103,543262,190044.0,0.34982,25
cheese_rheo_c8b760392806,plant_feta,0.100476,263865,72935.6,0.276413,25
cheese_rheo_ea72985b5acd,plant_mozzarella,12.6492,472817,62544.8,0.132281,25
cheese_rheo_887f199562ea,dairy_cheddar,0.4,398060,151731.0,0.381176,25
cheese_rheo_ea72985b5acd,plant_mozzarella,20.0475,480911,63806.5,0.132679,25
cheese_rheo_7236086d1bf4,dairy_cheddar,0.1,373195,144252.0,0.386533,25
cheese_rheo_ea72985b5acd,plant_mozzarella,6.33961,458093,60084.9,0.131163,25
cheese_rheo_2fb28bc39b10,dairy_cheddar,20.0475,557618,212067.0,0.38031,25
cheese_rheo_8f07b1ed90e6,plant_mozzarella,40.0,489192,79082.7,0.16166,25
cheese_rheo_e594cc002175,plant_mozzarella,6.33961,402164,79127.4,0.196754,25
cheese_rheo_4746b314b0d2,dairy_cheddar,15.9242,730947,283657.0,0.388068,25
cheese_rheo_c8b760392806,plant_feta,3.17733,301102,62834.8,0.208683,25
cheese_rheo_8c9adf1d7529,plant_cheddar,0.251189,370524,52425.2,0.141489,25
cheese_rheo_1bc1642eb7eb,plant_feta,10.0476,362981,160224.0,0.441411,25
cheese_rheo_9bbee09cb4be,dairy_mozzarella,0.503572,204301,67673.7,0.331246,25
cheese_rheo_ffe0014387aa,plant_cheddar,10.0001,338604,64942.5,0.191795,25
cheese_rheo_f999dd55b81a,plant_mozzarella,4.00003,618351,85167.5,0.137733,25
cheese_rheo_8f07b1ed90e6,plant_mozzarella,31.7731,494690,78932.4,0.159559,25
cheese_rheo_efba4e3bce95,dairy_cheddar,0.798103,657595,223290.0,0.339555,25
cheese_rheo_2fb28bc39b10,dairy_cheddar,10.0476,516839,190193.0,0.367992,25
cheese_rheo_43f61c34f7b2,dairy_mozzarella,0.200475,188275,68309.4,0.362818,25
cheese_rheo_43f61c34f7b2,dairy_mozzarella,0.126491,174576,66401.4,0.380357,25
cheese_rheo_8f07b1ed90e6,plant_mozzarella,0.100476,426421,63140.1,0.14807,25
cheese_rheo_ea72985b5acd,plant_mozzarella,4.00003,448723,58394.3,0.130134,25
cheese_rheo_4e15653d79b9,plant_cheddar,31.7731,511645,57373.4,0.112135,25
cheese_rheo_1bc1642eb7eb,plant_feta,3.17733,310809,145496.0,0.468119,25
cheese_rheo_4746b314b0d2,dairy_cheddar,6.33961,672711,245347.0,0.364715,25
cheese_rheo_9e358f6dde22,dairy_feta,0.4,497072,148669.0,0.299089,25
cheese_rheo_8a12f8c4da2d,plant_mozzarella,20.0475,439379,82519.9,0.18781,25
cheese_rheo_2d5fd8e35091,dairy_feta,0.1,723417,206711.0,0.285742,25
cheese_rheo_8c9adf1d7529,plant_cheddar,0.398107,375118,51916.9,0.138402,25
cheese_rheo_4e2a0a130dcc,dairy_feta,0.503572,937886,265616.0,0.283207,25
cheese_rheo_8c9adf1d7529,plant_cheddar,12.5892,435801,56662.3,0.130019,25
cheese_rheo_3d3025531656,dairy_mozzarella,20.0475,399982,137088.0,0.342735,25
cheese_rheo_6c53f905caa7,plant_feta,31.7731,496225,368175.0,0.741952,25
cheese_rheo_4e15653d79b9,plant_cheddar,0.4,440676,33688.9,0.0764483,25
cheese_rheo_c8b760392806,plant_feta,5.03577,306951,62091.7,0.202286,25
cheese_rheo_8a12f8c4da2d,plant_mozzarella,0.126491,379670,67658.3,0.178203,25
cheese_rheo_4e15653d79b9,plant_cheddar,15.9242,496476,49308.6,0.0993173,25
cheese_rheo_4e15653d79b9,plant_cheddar,0.252383,435352,33835.0,0.0777187,25
cheese_rheo_4e15653d79b9,plant_cheddar,1.00476,450940,34876.7,0.0773423,25
cheese_rheo_4e2a0a130dcc,dairy_feta,0.4,901573,255093.0,0.282942,25
cheese_rheo_4746b314b0d2,dairy_cheddar,0.4,503243,176778.0,0.351277,25
cheese_rheo_8c9adf1d7529,plant_cheddar,39.8105,458256,59205.0,0.129196,25
cheese_rheo_480b1108b018,dairy_feta,0.159243,752166,220877.0,0.293654,25
cheese_rheo_43f61c34f7b2,dairy_mozzarella,40.0,382826,146154.0,0.381777,25
cheese_rheo_8f07b1ed90e6,plant_mozzarella,0.200475,430182,64200.3,0.14924,25
cheese_rheo_9e358f6dde22,dairy_feta,0.317731,476028,142917.0,0.300228,25
cheese_rheo_7236086d1bf4,dairy_cheddar,1.26491,532882,187313.0,0.351509,25
cheese_rheo_43f61c34f7b2,dairy_mozzarella,10.0476,337057,109988.0,0.326318,25
cheese_rheo_9e358f6dde22,dairy_feta,7.98103,849954,261509.0,0.307675,25
cheese_rheo_8c9adf1d7529,plant_cheddar,1.0,386850,52563.5,0.135876,25
cheese_rheo_ea72985b5acd,plant_mozzarella,0.317731,410095,54937.9,0.133964,25
cheese_rheo_4e15653d79b9,plant_cheddar,1.26491,453465,35387.7,0.0780384,25
cheese_rheo_0ce8e929e697,dairy_mozzarella,15.9242,299836,100381.0,0.334787,25
cheese_rheo_6c53f905caa7,plant_feta,2.00475,308736,284358.0,0.921041,25
cheese_rheo_4e2a0a130dcc,dairy_feta,12.6492,1585040,479634.0,0.3026,25
cheese_rheo_80ff05481ad9,plant_feta,0.317731,294004,274578.0,0.933923,25
cheese_rheo_8c9adf1d7529,plant_cheddar,10.0001,430518,56335.6,0.130855,25
cheese_rheo_4e2a0a130dcc,dairy_feta,0.126491,721012,206617.0,0.286565,25
cheese_rheo_f999dd55b81a,plant_mozzarella,1.26491,591556,80895.1,0.13675,25
cheese_rheo_ba444256711d,dairy_feta,2.00475,1509670,441417.0,0.292394,25
cheese_rheo_882c53b17985,dairy_mozzarella,0.1,149280,56070.6,0.375607,25
cheese_rheo_9e358f6dde22,dairy_feta,25.2383,1065840,342897.0,0.321714,25
cheese_rheo_ba444256711d,dairy_feta,20.0475,2193100,677341.0,0.30885,25
cheese_rheo_8a12f8c4da2d,plant_mozzarella,12.6492,433330,80608.4,0.186021,25
cheese_rheo_8a12f8c4da2d,plant_mozzarella,0.159243,379961,67824.2,0.178503,25
cheese_rheo_9bbee09cb4be,dairy_mozzarella,0.252383,179527,61848.6,0.344508,25
cheese_rheo_8a12f8c4da2d,plant_mozzarella,25.2383,439648,83102.4,0.18902,25
cheese_rheo_2fb28bc39b10,dairy_cheddar,0.126491,299929,115163.0,0.383966,25
cheese_rheo_1bc1642eb7eb,plant_feta,0.4,238637,118552.0,0.496788,25
cheese_rheo_887f199562ea,dairy_cheddar,0.633961,414129,160514.0,0.387595,25
cheese_rheo_ea0a03a926f1,plant_cheddar,5.03577,463999,36785.7,0.0792796,25
cheese_rheo_8c9adf1d7529,plant_cheddar,0.501188,377771,51956.1,0.137533,25
cheese_rheo_efba4e3bce95,dairy_cheddar,15.9242,966148,331933.0,0.343563,25
cheese_rheo_480b1108b018,dairy_feta,7.98103,1415540,436069.0,0.308057,25
cheese_rheo_887f199562ea,dairy_cheddar,10.0476,521690,226678.0,0.434506,25
cheese_rheo_f999dd55b81a,plant_mozzarella,0.200475,567589,80068.2,0.141067,25
cheese_rheo_ea0a03a926f1,plant_cheddar,4.00003,461265,36072.3,0.078203,25
cheese_rheo_ba444256711d,dairy_feta,0.100476,916246,267699.0,0.292169,25
cheese_rheo_ffe0014387aa,plant_cheddar,1.5849,308123,66533.2,0.21593,25
cheese_rheo_0ce8e929e697,dairy_mozzarella,0.200475,151534,56270.6,0.37134,25
cheese_rheo_f999dd55b81a,plant_mozzarella,0.1,569547,79049.0,0.138793,25
cheese_rheo_7236086d1bf4,dairy_cheddar,7.98103,685897,239858.0,0.349701,25
cheese_rheo_43f61c34f7b2,dairy_mozzarella,15.9242,357565,119656.0,0.334642,25
cheese_rheo_4746b314b0d2,dairy_cheddar,12.6492,716759,272974.0,0.380845,25
cheese_rheo_caf5fd7a2800,plant_feta,0.200475,129001,114599.0,0.888355,25
cheese_rheo_882c53b17985,dairy_mozzarella,5.03577,287221,89541.5,0.311751,25
cheese_rheo_9e358f6dde22,dairy_feta,0.100476,383693,117939.0,0.30738,25
cheese_rheo_80ff05481ad9,plant_feta,5.03577,413480,382885.0,0.926005,25
cheese_rheo_882c53b17985,dairy_mozzarella,10.0476,318266,100818.0,0.316772,25
cheese_rheo_ba444256711d,dairy_feta,10.0476,1954110,588545.0,0.301183,25
cheese_rheo_6c53f905caa7,plant_feta,25.2383,475594,366174.0,0.769931,25
cheese_rheo_e594cc002175,plant_mozzarella,31.7731,421696,81178.2,0.192504,25
cheese_rheo_882c53b17985,dairy_mozzarella,20.0475,347631,115948.0,0.333536,25
cheese_rheo_9bbee09cb4be,dairy_mozzarella,0.798103,220965,71769.8,0.324801,25
cheese_rheo_7236086d1bf4,dairy_cheddar,6.33961,664610,231364.0,0.348121,25
cheese_rheo_1bc1642eb7eb,plant_feta,15.9242,385837,166757.0,0.432194,25
cheese_rheo_8f07b1ed90e6,plant_mozzarella,0.1,428051,62838.8,0.146802,25
cheese_rheo_4e2a0a130dcc,dairy_feta,0.159243,758544,215025.0,0.283471,25
cheese_rheo_c8b760392806,plant_feta,0.1,264774,73225.5,0.276558,25
cheese_rheo_ba444256711d,dairy_feta,0.126491,959256,277104.0,0.288874,25
cheese_rheo_882c53b17985,dairy_mozzarella,0.633961,208349,67315.2,0.323089,25
cheese_rheo_1bc1642eb7eb,plant_feta,2.00475,293603,140235.0,0.477635,25
cheese_rheo_ea72985b5acd,plant_mozzarella,1.00476,425578,55089.1,0.129446,25
cheese_rheo_3d3025531656,dairy_mozzarella,5.03577,336167,106357.0,0.31638,25
cheese_rheo_9e358f6dde22,dairy_feta,0.503572,518037,155486.0,0.300144,25
cheese_rheo_3d3025531656,dairy_mozzarella,31.7731,413829,152348.0,0.368142,25
cheese_rheo_ba444256711d,dairy_feta,0.4,1167940,337268.0,0.288771,25
cheese_rheo_9bbee09cb4be,dairy_mozzarella,2.00475,256388,80876.5,0.315446,25
cheese_rheo_1bc1642eb7eb,plant_feta,7.98103,352288,157545.0,0.447206,25
cheese_rheo_6c53f905caa7,plant_feta,12.6492,418851,349638.0,0.834756,25
cheese_rheo_8a12f8c4da2d,plant_mozzarella,1.26491,394893,70930.5,0.179619,25
cheese_rheo_1bc1642eb7eb,plant_feta,0.503572,246125,122635.0,0.498265,25
cheese_rheo_caf5fd7a2800,plant_feta,10.0476,233090,198089.0,0.84984,25
cheese_rheo_ea0a03a926f1,plant_cheddar,0.100476,428352,34516.8,0.0805804,25
cheese_rheo_4e15653d79b9,plant_cheddar,5.03577,473475,41125.7,0.0868592,25
cheese_rheo_2fb28bc39b10,dairy_cheddar,25.2383,570150,220493.0,0.386728,25
cheese_rheo_6c53f905caa7,plant_feta,0.126491,230154,186764.0,0.811474,25
cheese_rheo_caf5fd7a2800,plant_feta,4.00003,196200,175772.0,0.89588,25
cheese_rheo_480b1108b018,dairy_feta,1.26491,1056870,314406.0,0.297487,25
cheese_rheo_8c9adf1d7529,plant_cheddar,0.316228,372328,52528.6,0.141081,25
cheese_rheo_8f07b1ed90e6,plant_mozzarella,2.52384,458916,68942.6,0.150229,25
cheese_rheo_2fb28bc39b10,dairy_cheddar,0.1,291536,113759.0,0.390207,25
cheese_rheo_ba444256711d,dairy_feta,1.00476,1355170,394902.0,0.291405,25
cheese_rheo_882c53b17985,dairy_mozzarella,0.200475,170742,59943.1,0.351073,25
cheese_rheo_8c9adf1d7529,plant_cheddar,31.623,455875,58734.4,0.128839,25
cheese_rheo_6c53f905caa7,plant_feta,1.59243,298515,277424.0,0.929348,25
cheese_rheo_3d3025531656,dairy_mozzarella,1.59243,286260,90480.0,0.316076,25
cheese_rheo_8c9adf1d7529,plant_cheddar,3.16229,406302,54862.5,0.135029,25
cheese_rheo_4e2a0a130dcc,dairy_feta,0.633961,976199,277766.0,0.284538,25
cheese_rheo_7236086d1bf4,dairy_cheddar,20.0475,770187,278010.0,0.360964,25
cheese_rheo_ba444256711d,dairy_feta,7.98103,1881300,563221.0,0.299379,25
cheese_rheo_3d3025531656,dairy_mozzarella,40.0,410716,160749.0,0.391388,25
cheese_rheo_7236086d1bf4,dairy_cheddar,0.200475,412876,152833.0,0.370168,25
cheese_rheo_efba4e3bce95,dairy_cheddar,2.52384,763706,254198.0,0.332848,25
cheese_rheo_43f61c34f7b2,dairy_mozzarella,31.7731,382702,138208.0,0.361136,25
cheese_rheo_3d3025531656,dairy_mozzarella,0.4,232604,77598.6,0.333608,25
cheese_rheo_9bbee09cb4be,dairy_mozzarella,4.00003,285850,90078.8,0.315126,25
cheese_rheo_f999dd55b81a,plant_mozzarella,31.7731,665064,93229.7,0.140182,25
cheese_rheo_4e15653d79b9,plant_cheddar,0.159243,430856,33681.3,0.0781729,25
cheese_rheo_8f07b1ed90e6,plant_mozzarella,0.798103,441976,65170.3,0.147452,25
cheese_rheo_6c53f905caa7,plant_feta,7.98103,384695,333239.0,0.866241,25
cheese_rheo_7236086d1bf4,dairy_cheddar,0.633961,484374,173513.0,0.358222,25
cheese_rheo_4e2a0a130dcc,dairy_feta,31.7731,1870100,599983.0,0.32083,25
cheese_rheo_6c53f905caa7,plant_feta,0.317731,242973,223070.0,0.918084,25
cheese_rheo_9e358f6dde22,dairy_feta,0.798103,562249,168995.0,0.300569,25
cheese_rheo_882c53b17985,dairy_mozzarella,0.159243,162879,58962.8,0.362002,25
cheese_rheo_2fb28bc39b10,dairy_cheddar,2.52384,437302,157566.0,0.360315,25
cheese_rheo_7236086d1bf4,dairy_cheddar,5.03577,644220,223778.0,0.347362,25
cheese_rheo_8a12f8c4da2d,plant_mozzarella,10.0476,429029,79143.9,0.184472,25
cheese_rheo_882c53b17985,dairy_mozzarella,1.00476,224490,71183.7,0.317091,25
cheese_rheo_caf5fd7a2800,plant_feta,2.52384,181135,165013.0,0.910999,25
cheese_rheo_ba444256711d,dairy_feta,3.17733,1622270,477373.0,0.294263,25
cheese_rheo_efba4e3bce95,dairy_cheddar,0.503572,619687,212945.0,0.343633,25
cheese_rheo_9bbee09cb4be,dairy_mozzarella,15.9242,353126,117360.0,0.332347,25
cheese_rheo_f999dd55b81a,plant_mozzarella,0.4,573580,79954.3,0.139395,25
cheese_rheo_8c9adf1d7529,plant_cheddar,12.5892,435801,56662.3,0.130019,25
cheese_rheo_887f199562ea,dairy_cheddar,0.159243,363652,138288.0,0.380275,25
cheese_rheo_4746b314b0d2,dairy_cheddar,10.0476,702224,263067.0,0.37462,25
cheese_rheo_2fb28bc39b10,dairy_cheddar,6.33961,489439,177807.0,0.363288,25
cheese_rheo_2d5fd8e35091,dairy_feta,0.159243,794138,226127.0,0.284745,25
cheese_rheo_8c9adf1d7529,plant_cheddar,5.01186,415414,55641.0,0.133941,25
cheese_rheo_480b1108b018,dairy_feta,20.0475,1656920,528563.0,0.319004,25
cheese_rheo_4746b314b0d2,dairy_cheddar,7.98103,687998,254095.0,0.369325,25
cheese_rheo_9bbee09cb4be,dairy_mozzarella,40.0,390633,147262.0,0.376982,25
cheese_rheo_caf5fd7a2800,plant_feta,31.7731,286932,220058.0,0.766935,25
cheese_rheo_ea72985b5acd,plant_mozzarella,2.52384,440138,57007.6,0.129522,25
cheese_rheo_0ce8e929e697,dairy_mozzarella,12.6492,290750,96062.8,0.330397,25
cheese_rheo_887f199562ea,dairy_cheddar,2.52384,464182,187932.0,0.404868,25
cheese_rheo_480b1108b018,dairy_feta,2.00475,1134010,339558.0,0.299432,25
cheese_rheo_3d3025531656,dairy_mozzarella,0.252383,216438,74349.5,0.343514,25
cheese_rheo_b383986cc83e,plant_cheddar,0.159243,426387,35734.9,0.0838086,25
cheese_rheo_80ff05481ad9,plant_feta,1.00476,340662,323987.0,0.95105,25
cheese_rheo_6c53f905caa7,plant_feta,0.159243,229214,196191.0,0.855931,25
cheese_rheo_882c53b17985,dairy_mozzarella,1.59243,242310,75415.2,0.311234,25
cheese_rheo_2d5fd8e35091,dairy_feta,1.26491,1112150,318411.0,0.286303,25
cheese_rheo_480b1108b018,dairy_feta,1.59243,1095370,326727.0,0.29828,25
cheese_rheo_e594cc002175,plant_mozzarella,15.9242,420336,81557.1,0.194029,25
cheese_rheo_43f61c34f7b2,dairy_mozzarella,0.100476,169041,64836.5,0.383554,25
cheese_rheo_ea72985b5acd,plant_mozzarella,15.9242,477301,63251.3,0.132519,25
cheese_rheo_8f07b1ed90e6,plant_mozzarella,20.0475,495190,78014.1,0.157544,25
cheese_rheo_efba4e3bce95,dairy_cheddar,40.0,1072480,394499.0,0.367837,25
cheese_rheo_882c53b17985,dairy_mozzarella,7.98103,307591,96466.5,0.313619,25
cheese_rheo_2fb28bc39b10,dairy_cheddar,1.59243,412599,149039.0,0.361221,25
cheese_rheo_480b1108b018,dairy_feta,0.1,687211,202993.0,0.295387,25
cheese_rheo_b383986cc83e,plant_cheddar,31.7731,489079,51924.9,0.106169,25
cheese_rheo_caf5fd7a2800,plant_feta,6.33961,214337,186570.0,0.870453,25
cheese_rheo_9bbee09cb4be,dairy_mozzarella,31.7731,385362,138360.0,0.359038,25
cheese_rheo_480b1108b018,dairy_feta,6.33961,1363100,417197.0,0.306064,25
cheese_rheo_efba4e3bce95,dairy_cheddar,12.6492,938331,319374.0,0.340364,25
cheese_rheo_caf5fd7a2800,plant_feta,5.03577,204951,181096.0,0.883606,25
cheese_rheo_8f07b1ed90e6,plant_mozzarella,5.03577,472342,72116.8,0.152679,25
cheese_rheo_2fb28bc39b10,dairy_cheddar,7.98103,503018,183782.0,0.365358,25
cheese_rheo_80ff05481ad9,plant_feta,0.200475,277618,252224.0,0.908529,25
cheese_rheo_ea72985b5acd,plant_mozzarella,3.17733,444327,57708.7,0.129879,25
cheese_rheo_3d3025531656,dairy_mozzarella,2.52384,304904,96027.1,0.314942,25
cheese_rheo_8a12f8c4da2d,plant_mozzarella,40.0,427541,84965.6,0.198731,25
cheese_rheo_1bc1642eb7eb,plant_feta,25.2383,410592,171698.0,0.418171,25
cheese_rheo_8c9adf1d7529,plant_cheddar,1.0,386850,52563.5,0.135876,25
cheese_rheo_efba4e3bce95,dairy_cheddar,25.2383,1021950,360466.0,0.352725,25
cheese_rheo_480b1108b018,dairy_feta,40.0,1870270,627552.0,0.33554,25
cheese_rheo_80ff05481ad9,plant_feta,0.126491,273364,232212.0,0.849463,25
cheese_rheo_e594cc002175,plant_mozzarella,0.200475,355928,69979.1,0.19661,25
cheese_rheo_ba444256711d,dairy_feta,0.633961,1258780,365358.0,0.290249,25
cheese_rheo_4e2a0a130dcc,dairy_feta,0.798103,1014570,289097.0,0.284945,25
cheese_rheo_efba4e3bce95,dairy_cheddar,7.98103,885065,297225.0,0.335823,25
cheese_rheo_b383986cc83e,plant_cheddar,6.33961,466347,42005.3,0.090073,25
cheese_rheo_2d5fd8e35091,dairy_feta,31.7731,1889720,588016.0,0.311166,25
cheese_rheo_1bc1642eb7eb,plant_feta,0.252383,221748,109780.0,0.495067,25
cheese_rheo_e594cc002175,plant_mozzarella,0.4,359965,71016.2,0.197287,25
cheese_rheo_ea72985b5acd,plant_mozzarella,40.0,479037,64618.6,0.134893,25
cheese_rheo_efba4e3bce95,dairy_cheddar,0.126491,512466,186888.0,0.364683,25
cheese_rheo_2fb28bc39b10,dairy_cheddar,0.200475,318551,121193.0,0.380452,25
cheese_rheo_43f61c34f7b2,dairy_mozzarella,2.00475,266131,85969.5,0.323034,25
cheese_rheo_b383986cc83e,plant_cheddar,0.100476,419719,35526.6,0.0846439,25
cheese_rheo_c8b760392806,plant_feta,7.98103,312455,61092.3,0.195523,25
cheese_rheo_c8b760392806,plant_feta,10.0476,314610,60404.7,0.191999,25
cheese_rheo_2fb28bc39b10,dairy_cheddar,0.798103,378808,138364.0,0.365261,25
cheese_rheo_b383986cc83e,plant_cheddar,0.4,433036,34945.6,0.080699,25
cheese_rheo_ea72985b5acd,plant_mozzarella,0.200475,405166,55223.0,0.136297,25
cheese_rheo_9bbee09cb4be,dairy_mozzarella,1.00476,229512,73803.0,0.321565,25
cheese_rheo_8c9adf1d7529,plant_cheddar,3.98105,410864,55295.6,0.134584,25
cheese_rheo_9bbee09cb4be,dairy_mozzarella,25.2383,375784,130524.0,0.347337,25
cheese_rheo_2d5fd8e35091,dairy_feta,15.9242,1682200,504719.0,0.300036,25
cheese_rheo_8c9adf1d7529,plant_cheddar,0.1,363868,54198.8,0.148952,25
cheese_rheo_887f199562ea,dairy_cheddar,1.00476,430181,169056.0,0.392989,25
cheese_rheo_ffe0014387aa,plant_cheddar,0.1,312094,68310.0,0.218876,25
cheese_rheo_2fb28bc39b10,dairy_cheddar,3.17733,450047,162177.0,0.360354,25
cheese_rheo_c8b760392806,plant_feta,0.200475,273090,70021.0,0.256403,25
cheese_rheo_43f61c34f7b2,dairy_mozzarella,25.2383,376263,131336.0,0.349055,25
cheese_rheo_4746b314b0d2,dairy_cheddar,31.7731,767489,321267.0,0.418595,25
cheese_rheo_b383986cc83e,plant_cheddar,0.200475,427889,35433.8,0.0828107,25
cheese_rheo_882c53b17985,dairy_mozzarella,4.00003,278008,86391.7,0.310753,25
cheese_rheo_e594cc002175,plant_mozzarella,0.1,359614,69651.4,0.193684,25
cheese_rheo_ea0a03a926f1,plant_cheddar,0.252383,434819,32296.2,0.074275,25
cheese_rheo_efba4e3bce95,dairy_cheddar,0.633961,638577,218019.0,0.341413,25
cheese_rheo_887f199562ea,dairy_cheddar,0.200475,372623,140848.0,0.377992,25
cheese_rheo_6c53f905caa7,plant_feta,10.0476,400991,341612.0,0.85192,25
cheese_rheo_1bc1642eb7eb,plant_feta,2.52384,301825,142909.0,0.473484,25
cheese_rheo_0ce8e929e697,dairy_mozzarella,0.252383,157907,56910.9,0.360407,25
cheese_rheo_8c9adf1d7529,plant_cheddar,7.94327,425277,56063.4,0.131828,25
cheese_rheo_4746b314b0d2,dairy_cheddar,0.126491,436246,158913.0,0.364275,25
cheese_rheo_ba444256711d,dairy_feta,1.59243,1456770,425098.0,0.291808,25
cheese_rheo_2d5fd8e35091,dairy_feta,0.200475,823730,233360.0,0.283296,25
cheese_rheo_ffe0014387aa,plant_cheddar,63.0957,350675,60301.2,0.171958,25
cheese_rheo_f999dd55b81a,plant_mozzarella,0.503572,576242,79180.7,0.137409,25
cheese_rheo_480b1108b018,dairy_feta,0.100476,691564,206934.0,0.299226,25
cheese_rheo_e594cc002175,plant_mozzarella,1.00476,369793,72726.5,0.196668,25
cheese_rheo_9e358f6dde22,dairy_feta,6.33961,813797,249422.0,0.306491,25
cheese_rheo_efba4e3bce95,dairy_cheddar,1.00476,677286,228667.0,0.337622,25
cheese_rheo_9bbee09cb4be,dairy_mozzarella,0.633961,212512,69484.5,0.326968,25
cheese_rheo_9e358f6dde22,dairy_feta,1.26491,609255,182865.0,0.300146,25
cheese_rheo_887f199562ea,dairy_cheddar,5.03577,491803,205409.0,0.417665,25
cheese_rheo_887f199562ea,dairy_cheddar,3.17733,473549,193547.0,0.408715,25
cheese_rheo_8c9adf1d7529,plant_cheddar,6.30957,420228,55802.6,0.132791,25
cheese_rheo_1bc1642eb7eb,plant_feta,0.633961,254149,125611.0,0.494242,25
cheese_rheo_8c9adf1d7529,plant_cheddar,0.630957,380948,52257.0,0.137176,25
cheese_rheo_1bc1642eb7eb,plant_feta,20.0475,397984,169693.0,0.426381,25
cheese_rheo_887f199562ea,dairy_cheddar,0.798103,421646,164410.0,0.389925,25
cheese_rheo_f999dd55b81a,plant_mozzarella,2.00475,601059,81885.6,0.136236,25
cheese_rheo_80ff05481ad9,plant_feta,0.503572,312529,296018.0,0.947169,25
cheese_rheo_882c53b17985,dairy_mozzarella,1.26491,233333,73546.2,0.315198,25
cheese_rheo_ea72985b5acd,plant_mozzarella,0.1,398562,56057.8,0.14065,25
cheese_rheo_6c53f905caa7,plant_feta,0.798103,271788,254797.0,0.937485,25
cheese_rheo_8f07b1ed90e6,plant_mozzarella,4.00003,467589,70966.4,0.151771,25
cheese_rheo_8a12f8c4da2d,plant_mozzarella,0.798103,390146,70132.3,0.179759,25
cheese_rheo_9bbee09cb4be,dairy_mozzarella,0.1,150032,55447.4,0.369571,25
cheese_rheo_480b1108b018,dairy_feta,0.633961,950156,280761.0,0.295489,25
cheese_rheo_9e358f6dde22,dairy_feta,0.126491,399406,121635.0,0.304539,25
cheese_rheo_8c9adf1d7529,plant_cheddar,0.794327,383843,52276.2,0.136192,25
cheese_rheo_0ce8e929e697,dairy_mozzarella,1.00476,198060,65581.6,0.33112,25
cheese_rheo_7236086d1bf4,dairy_cheddar,0.159243,398511,149287.0,0.374611,25
cheese_rheo_80ff05481ad9,plant_feta,0.798103,330481,315021.0,0.953218,25
cheese_rheo_43f61c34f7b2,dairy_mozzarella,7.98103,326313,105719.0,0.323982,25
cheese_rheo_9e358f6dde22,dairy_feta,4.00003,747810,227013.0,0.303571,25
cheese_rheo_efba4e3bce95,dairy_cheddar,0.1,493054,182743.0,0.370635,25
cheese_rheo_ffe0014387aa,plant_cheddar,0.630957,300600,67607.4,0.224908,25
cheese_rheo_480b1108b018,dairy_feta,4.00003,1264930,383307.0,0.303026,25
cheese_rheo_882c53b17985,dairy_mozzarella,6.33961,297469,92971.2,0.312541,25
cheese_rheo_0ce8e929e697,dairy_mozzarella,40.0,327006,123231.0,0.376846,25
cheese_rheo_ba444256711d,dairy_feta,0.798103,1306200,379710.0,0.290698,25
cheese_rheo_9bbee09cb4be,dairy_mozzarella,7.98103,318296,101802.0,0.319834,25
cheese_rheo_7236086d1bf4,dairy_cheddar,40.0,827091,315684.0,0.38168,25
cheese_rheo_8a12f8c4da2d,plant_mozzarella,5.03577,416492,75763.5,0.181909,25
cheese_rheo_882c53b17985,dairy_mozzarella,15.9242,338648,110641.0,0.326713,25
cheese_rheo_4746b314b0d2,dairy_cheddar,4.00003,642441,229968.0,0.35796,25
cheese_rheo_480b1108b018,dairy_feta,25.2383,1724890,557547.0,0.323237,25
cheese_rheo_efba4e3bce95,dairy_cheddar,0.252383,565007,198678.0,0.351637,25
cheese_rheo_0ce8e929e697,dairy_mozzarella,1.59243,213303,69329.6,0.325029,25
cheese_rheo_4e15653d79b9,plant_cheddar,0.126491,427854,33420.0,0.0781106,25
cheese_rheo_4e2a0a130dcc,dairy_feta,1.59243,1134020,325328.0,0.286881,25
cheese_rheo_3d3025531656,dairy_mozzarella,0.317731,224760,76368.6,0.339779,25
cheese_rheo_8c9adf1d7529,plant_cheddar,1.5849,393895,53182.7,0.135017,25
cheese_rheo_9e358f6dde22,dairy_feta,31.7731,1117130,365116.0,0.326833,25
cheese_rheo_80ff05481ad9,plant_feta,1.59243,359019,340444.0,0.948262,25
cheese_rheo_4746b314b0d2,dairy_cheddar,0.633961,529818,185421.0,0.349972,25
cheese_rheo_882c53b17985,dairy_mozzarella,0.317731,186463,63134.8,0.338591,25
cheese_rheo_c8b760392806,plant_feta,1.26491,290037,64142.4,0.221153,25
cheese_rheo_0ce8e929e697,dairy_mozzarella,0.1,135348,53129.1,0.392538,25
cheese_rheo_2fb28bc39b10,dairy_cheddar,12.6492,530368,196918.0,0.371286,25
cheese_rheo_caf5fd7a2800,plant_feta,15.9242,254789,209633.0,0.822773,25
cheese_rheo_f999dd55b81a,plant_mozzarella,6.33961,630917,87564.0,0.138788,25
cheese_rheo_3d3025531656,dairy_mozzarella,1.26491,276909,88282.9,0.318815,25
cheese_rheo_887f199562ea,dairy_cheddar,0.126491,353733,135751.0,0.383768,25
cheese_rheo_6c53f905caa7,plant_feta,0.1,229845,169242.0,0.736331,25
cheese_rheo_7236086d1bf4,dairy_cheddar,15.9242,749263,267507.0,0.357027,25
cheese_rheo_efba4e3bce95,dairy_cheddar,0.317731,583798,203912.0,0.349285,25
cheese_rheo_8c9adf1d7529,plant_cheddar,0.251189,370524,52425.2,0.141489,25
cheese_rheo_4e2a0a130dcc,dairy_feta,7.98103,1466450,435978.0,0.297301,25
cheese_rheo_f999dd55b81a,plant_mozzarella,15.9242,657154,92038.3,0.140056,25
cheese_rheo_6c53f905caa7,plant_feta,1.26491,289088,269690.0,0.932898,25
cheese_rheo_4e15653d79b9,plant_cheddar,0.503572,443488,34021.9,0.0767145,25
cheese_rheo_2fb28bc39b10,dairy_cheddar,0.633961,367806,135015.0,0.367083,25
cheese_rheo_efba4e3bce95,dairy_cheddar,10.0476,911457,307786.0,0.337686,25
