participant_id,cheese_type,product,presentation_order,overall_liking,chewiness,hardness,moisture,graininess,dairy_flavor,fattiness,tastiness,softness,jar_moisture,jar_firmness,jar_saltiness,jar_fattiness,jar_sharpness,jar_creaminess
cheese_bb3fa6c49391,mozzarella,plant_based,2,9.0,33.0,31.0,33.0,67.0,15.0,53.0,59.0,69.0,2,3,3,2,3,2
cheese_5acbd539fdb9,feta,plant_based,1,2.33,14.0,11.0,81.0,46.0,51.0,53.0,49.0,91.0,1,4,4,4,4,5
cheese_56978fa7ccf6,mozzarella,plant_based,2,9.0,55.0,13.0,48.0,23.0,4.0,61.0,7.0,78.0,2,3,3,4,3,3
cheese_7c005c303484,feta,dairy,1,3.67,47.0,32.0,66.0,43.0,75.0,76.0,79.0,58.0,3,3,4,3,4,4
cheese_ba9fa046ccad,mozzarella,dairy,2,9.0,48.0,34.0,66.0,23.0,100.0,65.0,100.0,69.0,3,3,3,3,3,3
cheese_4d3ec63bdde4,cheddar,dairy,1,9.0,68.0,43.0,64.0,18.0,100.0,60.0,83.0,61.0,2,4,3,3,3,4
cheese_aea64e2f923b,mozzarella,dairy,2,6.33,54.0,53.0,55.0,17.0,81.0,64.0,72.0,63.0,4,3,3,4,2,3
cheese_f5878f06c8e6,feta,dairy,1,9.0,,,,,,,,12.0,3,2,3,3,3,3
cheese_5c7a16bfa768,cheddar,plant_based,2,5.0,,40.0,,,,,,,1,1,3,2,1,1
cheese_4ef7f02458e9,feta,dairy,1,9.0,21.0,62.0,73.0,33.0,86.0,49.0,91.0,24.0,3,3,3,4,3,3
cheese_e1157fec0ee7,mozzarella,plant_based,2,9.0,14.0,25.0,33.0,1.0,60.0,62.0,66.0,34.0,2,3,3,3,3,3
cheese_7b89e21b5e2d,cheddar,plant_based,2,1.0,39.0,65.0,4.0,21.0,,,,,3,2,3,2,2,3
cheese_b1708bac7171,mozzarella,dairy,1,5.0,66.0,100.0,52.0,52.0,89.0,53.0,72.0,,5,1,5,2,5,1
cheese_816a302e12a5,mozzarella,dairy,2,6.33,46.0,54.0,71.0,,,,,,3,2,3,3,3,3
cheese_da98dcecbc92,feta,plant_based,2,9.0,0.0,0.0,70.0,10.0,83.0,64.0,81.0,100.0,1,3,3,3,2,4
cheese_be77e6396ba6,feta,dairy,2,2.33,29.0,34.0,76.0,25.0,69.0,47.0,95.0,60.0,3,3,4,3,3,3
cheese_a7d9de0b0f09,mozzarella,plant_based,2,6.33,39.0,50.0,41.0,37.0,50.0,45.0,46.0,35.0,4,3,3,2,3,3
cheese_ecfa2bc7ab0d,mozzarella,plant_based,2,1.0,19.0,74.0,29.0,54.0,4.0,53.0,0.0,61.0,4,2,1,2,5,2
cheese_37778cb3f248,mozzarella,dairy,2,9.0,49.0,52.0,72.0,,,,,,3,3,3,3,3,3
cheese_7984c7e017b4,mozzarella,plant_based,2,1.0,,,,,,,,,5,1,1,1,1,1
cheese_d8ef96c9b545,feta,dairy,1,9.0,53.0,30.0,66.0,47.0,80.0,68.0,76.0,48.0,4,3,4,3,3,4
cheese_4f6ade873a97,mozzarella,plant_based,2,1.0,12.0,57.0,51.0,45.0,66.0,65.0,77.0,51.0,3,3,3,5,4,3
cheese_ad58fffbf850,feta,plant_based,1,1.0,16.0,17.0,89.0,41.0,47.0,47.0,49.0,90.0,1,4,5,4,4,5
cheese_aebcfdfc37e7,mozzarella,plant_based,1,1.0,63.0,6.0,49.0,28.0,12.0,50.0,7.0,78.0,1,3,3,4,3,3
cheese_a7d9de0b0f09,mozzarella,dairy,1,9.0,76.0,5.0,55.0,26.0,83.0,76.0,57.0,89.0,3,3,3,3,3,3
cheese_5b9ecef2b7f5,cheddar,dairy,1,1.0,51.0,52.0,61.0,45.0,55.0,51.0,55.0,52.0,2,2,2,2,2,2
cheese_5b702bf03c78,feta,plant_based,2,5.0,3.0,13.0,7.0,0.0,,30.0,0.0,84.0,4,1,2,1,1,1
cheese_6dd9fa1d8e6b,mozzarella,plant_based,1,6.33,35.0,55.0,56.0,17.0,21.0,13.0,47.0,59.0,3,3,3,3,2,3
cheese_aebcfdfc37e7,mozzarella,dairy,2,6.33,50.0,45.0,56.0,14.0,100.0,45.0,92.0,51.0,2,3,4,3,3,3
cheese_f23f5a509218,mozzarella,dairy,1,7.67,60.0,30.0,50.0,0.0,93.0,61.0,75.0,2.0,3,3,2,3,3,3
cheese_3b235f2ae60e,feta,dairy,2,7.67,48.0,50.0,54.0,56.0,84.0,68.0,50.0,60.0,2,3,5,4,5,4
cheese_ee066e8f87a8,cheddar,plant_based,2,1.0,8.0,24.0,,9.0,,,,27.0,2,2,2,2,5,1
cheese_265afb3681f2,feta,dairy,1,6.33,26.0,17.0,64.0,8.0,87.0,66.0,82.0,88.0,3,4,3,3,3,3
cheese_6dd9fa1d8e6b,mozzarella,dairy,2,9.0,57.0,51.0,57.0,20.0,87.0,73.0,74.0,62.0,3,3,3,3,2,3
cheese_8b9659260df2,cheddar,plant_based,1,1.0,35.0,66.0,64.0,70.0,19.0,0.0,20.0,72.0,3,2,2,3,2,3
cheese_1aea28e664f7,mozzarella,dairy,2,9.0,26.0,7.0,26.0,,86.0,53.0,79.0,15.0,2,3,3,2,3,3
cheese_c6f8ececc469,feta,dairy,1,9.0,0.0,,91.0,,100.0,81.0,96.0,92.0,3,3,4,3,3,3
cheese_6a50c6baf706,cheddar,plant_based,1,1.0,6.0,46.0,15.0,42.0,22.0,9.0,31.0,47.0,2,1,2,2,2,3
cheese_7d5cb4fcc9be,mozzarella,dairy,1,7.67,90.0,11.0,63.0,3.0,91.0,73.0,67.0,11.0,3,3,2,3,2,3
cheese_dbe0d5cb36fb,mozzarella,plant_based,1,2.33,20.0,72.0,29.0,63.0,35.0,23.0,16.0,13.0,4,2,3,1,3,1
cheese_3084ae4a9743,mozzarella,plant_based,1,6.33,32.0,62.0,54.0,74.0,57.0,19.0,73.0,23.0,3,3,4,2,4,2
cheese_e4a11d4896c6,feta,plant_based,2,9.0,53.0,55.0,83.0,43.0,73.0,51.0,45.0,28.0,2,4,2,3,2,4
cheese_724e31312a29,mozzarella,plant_based,2,2.33,54.0,6.0,55.0,26.0,2.0,55.0,7.0,80.0,2,3,3,4,3,3
cheese_de74b0a07018,feta,plant_based,2,9.0,9.0,32.0,66.0,60.0,30.0,53.0,47.0,42.0,3,2,3,2,3,2
cheese_ceb8f6822466,feta,dairy,2,7.67,24.0,30.0,86.0,31.0,70.0,47.0,87.0,52.0,3,3,3,3,3,2
cheese_8c63adc00116,cheddar,dairy,1,3.67,51.0,50.0,47.0,11.0,100.0,55.0,100.0,51.0,3,3,4,3,3,3
cheese_381b6f0efe57,mozzarella,dairy,1,9.0,45.0,69.0,73.0,,,,,,3,3,3,3,3,3
cheese_b04db5156c6f,cheddar,plant_based,1,3.67,40.0,64.0,0.0,19.0,,,,,3,2,3,2,2,3
cheese_36656f0eb541,feta,plant_based,1,9.0,,,95.0,,90.0,87.0,100.0,91.0,1,5,3,3,3,3
cheese_52ac975e8e9d,cheddar,dairy,1,9.0,62.0,39.0,94.0,11.0,85.0,75.0,78.0,86.0,2,3,3,3,3,3
cheese_209dada7b60f,mozzarella,plant_based,1,5.0,54.0,51.0,63.0,67.0,62.0,68.0,58.0,74.0,4,3,1,3,2,2
cheese_9e94f196e3fb,feta,plant_based,2,6.33,12.0,9.0,77.0,40.0,49.0,54.0,49.0,94.0,1,4,4,4,4,5
cheese_4cceea25bdff,feta,dairy,1,7.67,6.0,33.0,1.0,73.0,45.0,13.0,98.0,13.0,3,3,2,3,3,3
cheese_4d2da98491db,cheddar,plant_based,1,3.67,43.0,41.0,46.0,14.0,14.0,28.0,13.0,45.0,3,2,2,3,2,3
cheese_61eb5062cee9,mozzarella,plant_based,1,6.33,36.0,48.0,37.0,34.0,47.0,47.0,46.0,43.0,4,3,3,2,3,3
cheese_328ec907f3b3,cheddar,dairy,1,3.67,56.0,35.0,64.0,88.0,83.0,100.0,79.0,84.0,3,4,3,4,3,3
cheese_f23f5a509218,mozzarella,plant_based,2,3.67,40.0,40.0,54.0,,33.0,49.0,45.0,82.0,2,2,2,3,2,4
cheese_746d13f811ce,feta,plant_based,1,9.0,1.0,3.0,67.0,19.0,78.0,71.0,81.0,100.0,1,3,3,4,2,4
cheese_c60ac3ff0735,cheddar,plant_based,1,5.0,52.0,59.0,43.0,26.0,,,45.0,61.0,3,4,1,2,1,3
cheese_fca5a84a7d38,feta,plant_based,2,6.33,45.0,90.0,51.0,84.0,8.0,34.0,14.0,72.0,5,1,2,1,5,4
cheese_2ad87f491c2b,cheddar,plant_based,2,1.0,58.0,49.0,41.0,24.0,,,45.0,54.0,3,4,1,2,1,3
cheese_6985a27b5958,feta,plant_based,2,1.0,2.0,3.0,15.0,0.0,,34.0,0.0,85.0,5,1,2,1,1,1
cheese_a1015a9d1bbd,mozzarella,dairy,2,9.0,87.0,68.0,20.0,27.0,76.0,97.0,82.0,84.0,3,3,3,2,4,3
cheese_aea64e2f923b,mozzarella,plant_based,1,9.0,20.0,53.0,51.0,9.0,15.0,14.0,47.0,66.0,3,3,3,3,2,3
cheese_655b968303d2,cheddar,plant_based,2,1.0,6.0,8.0,69.0,3.0,49.0,47.0,33.0,62.0,3,2,1,3,1,3
cheese_07a7af57e85b,cheddar,plant_based,2,1.0,46.0,67.0,22.0,74.0,19.0,23.0,31.0,22.0,4,2,2,3,4,2
cheese_2ad87f491c2b,cheddar,dairy,1,9.0,64.0,68.0,65.0,42.0,100.0,70.0,97.0,70.0,3,3,3,3,2,4
cheese_afa6fbec6987,cheddar,dairy,2,7.67,70.0,61.0,66.0,41.0,93.0,63.0,100.0,61.0,3,4,3,3,2,4
cheese_fc1a24d9fa19,feta,dairy,1,6.33,49.0,58.0,57.0,45.0,89.0,69.0,59.0,71.0,4,3,3,3,3,3
cheese_fc1a24d9fa19,feta,plant_based,2,5.0,39.0,31.0,75.0,34.0,71.0,63.0,61.0,33.0,3,2,3,3,3,3
cheese_3f54aa302fc6,feta,plant_based,2,5.0,44.0,13.0,67.0,71.0,62.0,52.0,21.0,88.0,1,3,3,3,3,4
cheese_80d158377444,feta,plant_based,2,9.0,,,94.0,,94.0,90.0,100.0,78.0,1,5,3,3,3,3
cheese_9aa34d88a556,mozzarella,dairy,2,1.0,41.0,24.0,46.0,0.0,95.0,82.0,58.0,90.0,3,3,2,4,2,3
cheese_c5ad7d71ab54,feta,dairy,1,7.67,49.0,41.0,79.0,41.0,68.0,77.0,69.0,55.0,3,3,4,2,4,4
cheese_24a940e3f2dc,feta,dairy,1,6.33,35.0,28.0,85.0,34.0,62.0,51.0,86.0,57.0,3,3,3,3,2,3
cheese_c6f8ececc469,feta,plant_based,2,6.33,,,86.0,,93.0,91.0,100.0,85.0,1,5,3,3,3,3
cheese_7d5cb4fcc9be,mozzarella,plant_based,2,6.33,13.0,71.0,63.0,19.0,39.0,21.0,16.0,22.0,5,1,3,1,4,3
cheese_f3771b948d0f,feta,plant_based,2,9.0,,,89.0,,91.0,87.0,100.0,83.0,1,5,3,3,3,3
cheese_ca05bc0d8632,cheddar,dairy,2,9.0,1.0,27.0,55.0,63.0,95.0,100.0,100.0,42.0,3,3,3,4,3,3
cheese_d739f92a366c,mozzarella,plant_based,2,1.0,67.0,34.0,70.0,29.0,44.0,60.0,28.0,76.0,3,2,3,3,2,3
cheese_320a6c2477c7,mozzarella,plant_based,1,6.33,0.0,12.0,100.0,6.0,89.0,77.0,86.0,100.0,2,5,3,3,3,5
cheese_c631c9343917,cheddar,dairy,2,5.0,24.0,37.0,67.0,2.0,95.0,73.0,70.0,69.0,3,3,3,3,3,3
cheese_ca05bc0d8632,cheddar,plant_based,1,5.0,48.0,58.0,8.0,79.0,,11.0,30.0,49.0,4,1,4,2,2,1
cheese_73f1a381cb46,cheddar,dairy,1,6.33,100.0,34.0,100.0,,95.0,81.0,74.0,68.0,3,3,3,3,2,3
cheese_75a4ae81ec47,mozzarella,dairy,2,9.0,35.0,60.0,58.0,,,,,,3,3,3,3,3,3
cheese_9f9415b1e1a1,cheddar,dairy,1,7.67,53.0,32.0,60.0,84.0,82.0,100.0,79.0,88.0,3,4,3,4,3,3
cheese_eee1e80f79f5,cheddar,plant_based,2,5.0,,43.0,,,,,,,1,1,3,2,1,1
cheese_52a218d356dc,mozzarella,dairy,1,9.0,45.0,,50.0,,100.0,84.0,100.0,47.0,3,3,3,3,3,3
cheese_8e502067cf76,feta,dairy,1,7.67,0.0,4.0,85.0,0.0,89.0,66.0,77.0,93.0,3,3,3,3,3,3
cheese_99cefd0b2834,mozzarella,dairy,1,6.33,42.0,54.0,48.0,0.0,98.0,56.0,97.0,52.0,3,3,3,3,3,3
cheese_229e2105dd2d,mozzarella,plant_based,2,1.0,8.0,66.0,55.0,23.0,33.0,19.0,16.0,23.0,5,1,3,1,4,3
cheese_209dada7b60f,mozzarella,dairy,2,6.33,43.0,53.0,70.0,,,,,,3,3,3,3,3,3
cheese_e09f821a348f,cheddar,plant_based,2,2.33,,32.0,,,,,,,1,1,3,2,1,1
cheese_c8e588f75ba3,cheddar,plant_based,2,2.33,4.0,52.0,12.0,47.0,18.0,3.0,31.0,51.0,2,1,2,2,2,3
cheese_9c924c800510,mozzarella,plant_based,1,5.0,27.0,35.0,37.0,76.0,13.0,57.0,59.0,80.0,2,3,3,2,3,2
cheese_5f95d52f7e00,cheddar,dairy,2,5.0,25.0,57.0,41.0,52.0,67.0,32.0,60.0,,3,3,3,3,3,3
cheese_8a3a93b7f236,feta,plant_based,2,1.0,28.0,3.0,76.0,8.0,0.0,3.0,0.0,5.0,2,5,5,1,2,4
cheese_38b49b8ebf48,cheddar,plant_based,1,5.0,19.0,13.0,52.0,79.0,33.0,40.0,32.0,34.0,1,1,3,2,1,3
cheese_23a1357d7f59,cheddar,plant_based,1,1.0,67.0,60.0,58.0,73.0,24.0,28.0,7.0,48.0,5,1,2,3,1,3
cheese_f5878f06c8e6,feta,plant_based,2,2.33,8.0,2.0,55.0,16.0,27.0,23.0,51.0,2.0,2,4,4,2,2,5
cheese_187b2d634e56,mozzarella,dairy,2,9.0,57.0,36.0,54.0,13.0,52.0,28.0,44.0,41.0,3,2,1,2,2,3
cheese_192a59c61ef2,cheddar,dairy,2,9.0,27.0,21.0,47.0,22.0,100.0,50.0,100.0,77.0,3,3,3,3,2,3
cheese_c2f330603093,feta,dairy,1,5.0,,,,,,,,28.0,3,2,3,3,3,3
cheese_8ca1da0a9aab,feta,plant_based,2,1.0,34.0,5.0,75.0,11.0,9.0,2.0,0.0,0.0,2,5,5,1,2,4
cheese_8b68848be2ca,cheddar,plant_based,2,9.0,67.0,64.0,69.0,43.0,68.0,23.0,68.0,21.0,4,2,3,3,2,3
cheese_7e78f3f9422d,mozzarella,dairy,2,9.0,47.0,50.0,80.0,10.0,87.0,78.0,67.0,68.0,3,4,3,4,4,3
cheese_8e502067cf76,feta,plant_based,2,2.33,0.0,8.0,15.0,0.0,,34.0,0.0,89.0,5,1,2,1,1,1
cheese_a6dba1dc5d98,cheddar,plant_based,1,1.0,18.0,7.0,65.0,79.0,33.0,40.0,32.0,35.0,1,1,3,2,1,3
cheese_2fc68b6c3bc0,cheddar,dairy,1,5.0,64.0,38.0,63.0,38.0,65.0,83.0,74.0,69.0,2,3,3,4,3,3
cheese_1d55faa1f299,mozzarella,plant_based,2,6.33,48.0,56.0,54.0,31.0,20.0,18.0,29.0,45.0,3,1,3,2,1,3
cheese_bc245726c390,mozzarella,dairy,2,3.67,72.0,100.0,52.0,50.0,88.0,50.0,65.0,,5,1,5,2,5,1
cheese_e6f9189de4fa,mozzarella,plant_based,2,9.0,45.0,51.0,48.0,66.0,50.0,79.0,58.0,72.0,4,2,1,3,2,2
cheese_273af0a5a169,mozzarella,dairy,1,9.0,62.0,49.0,60.0,19.0,89.0,67.0,74.0,47.0,3,3,3,3,2,4
cheese_6357a430dacc,mozzarella,plant_based,2,9.0,29.0,65.0,47.0,74.0,52.0,22.0,73.0,28.0,3,2,5,2,3,2
cheese_36656f0eb541,feta,dairy,2,9.0,0.0,,82.0,,100.0,70.0,88.0,95.0,3,2,4,3,3,3
cheese_192a59c61ef2,cheddar,plant_based,1,5.0,22.0,13.0,68.0,7.0,40.0,45.0,33.0,71.0,3,2,2,3,1,3
cheese_41d151bb2f12,feta,plant_based,2,6.33,48.0,14.0,74.0,79.0,62.0,48.0,21.0,90.0,1,3,3,3,3,4
cheese_84ccf74a728d,feta,plant_based,2,5.0,5.0,12.0,60.0,4.0,16.0,15.0,51.0,14.0,1,4,3,2,2,4
cheese_8ef9ae51c03b,mozzarella,dairy,2,7.67,32.0,25.0,66.0,6.0,64.0,23.0,48.0,14.0,2,2,2,2,3,4
cheese_a198230df81e,feta,dairy,1,7.67,29.0,33.0,82.0,28.0,71.0,49.0,89.0,57.0,3,3,3,3,3,3
cheese_3b1703ef1227,cheddar,dairy,1,9.0,4.0,40.0,53.0,62.0,100.0,100.0,99.0,49.0,3,3,3,4,3,3
cheese_420d31136d1e,feta,dairy,1,3.67,35.0,32.0,50.0,5.0,100.0,65.0,72.0,17.0,3,3,3,3,3,4
cheese_2781b108640e,mozzarella,plant_based,2,1.0,15.0,20.0,11.0,52.0,24.0,9.0,21.0,21.0,5,2,5,2,1,1
cheese_90caf7c155b1,cheddar,plant_based,2,6.33,49.0,50.0,48.0,13.0,71.0,55.0,70.0,62.0,3,3,1,3,2,3
cheese_dbe0d5cb36fb,mozzarella,dairy,2,9.0,46.0,26.0,63.0,21.0,100.0,70.0,100.0,63.0,3,3,3,3,3,3
cheese_ec8d26dbfb16,cheddar,plant_based,1,5.0,42.0,41.0,44.0,7.0,14.0,18.0,13.0,36.0,3,2,2,3,2,3
cheese_9fdfd7422bb1,feta,dairy,2,7.67,48.0,48.0,54.0,64.0,89.0,46.0,80.0,76.0,3,3,3,3,3,3
cheese_99cefd0b2834,mozzarella,plant_based,2,1.0,44.0,15.0,54.0,27.0,2.0,53.0,7.0,77.0,2,3,3,4,3,3
cheese_31030474d2e8,mozzarella,plant_based,1,2.33,41.0,53.0,46.0,32.0,52.0,49.0,46.0,43.0,4,3,3,2,3,3
cheese_2c9be73e1c4a,cheddar,dairy,2,9.0,68.0,52.0,56.0,34.0,100.0,78.0,91.0,70.0,3,3,3,3,2,4
cheese_502e7d72b7fc,feta,dairy,2,9.0,46.0,44.0,59.0,64.0,99.0,46.0,76.0,68.0,4,3,3,3,2,4
cheese_c177fae4e50b,cheddar,plant_based,2,1.0,4.0,19.0,10.0,0.0,12.0,8.0,77.0,84.0,4,2,3,2,2,2
cheese_1149133f83e4,cheddar,plant_based,2,5.0,7.0,57.0,17.0,43.0,16.0,5.0,31.0,56.0,2,1,2,2,2,3
cheese_336051ef492f,feta,plant_based,1,5.0,40.0,19.0,85.0,55.0,56.0,56.0,60.0,40.0,4,2,2,3,3,3
cheese_3d59896f422f,cheddar,dairy,2,6.33,22.0,16.0,,,89.0,31.0,60.0,80.0,3,3,4,3,3,3
cheese_502e7d72b7fc,feta,plant_based,1,6.33,52.0,59.0,74.0,38.0,74.0,51.0,45.0,34.0,2,4,3,3,2,3
cheese_5efed1663f6a,mozzarella,plant_based,1,1.0,8.0,10.0,37.0,20.0,43.0,47.0,25.0,97.0,3,2,3,2,1,1
cheese_4b0254b97369,cheddar,dairy,2,9.0,100.0,42.0,98.0,,92.0,84.0,85.0,77.0,3,3,3,3,2,3
cheese_6ef160eb56d1,mozzarella,dairy,2,6.33,62.0,13.0,42.0,7.0,56.0,45.0,71.0,84.0,3,3,3,3,3,3
cheese_2c9be73e1c4a,cheddar,plant_based,1,3.67,42.0,52.0,44.0,30.0,,,45.0,62.0,4,4,1,2,1,3
cheese_8a9992876636,mozzarella,dairy,1,6.33,14.0,0.0,86.0,0.0,88.0,100.0,74.0,100.0,3,3,2,4,3,3
cheese_ad58fffbf850,feta,dairy,2,2.33,54.0,51.0,50.0,53.0,76.0,81.0,43.0,60.0,2,3,5,4,5,4
cheese_967813dad246,mozzarella,dairy,2,6.33,59.0,24.0,75.0,10.0,100.0,68.0,98.0,72.0,3,3,3,3,3,3
cheese_cf2d8b0e4c3d,feta,dairy,2,6.33,20.0,25.0,69.0,16.0,88.0,72.0,74.0,82.0,3,3,3,3,3,3
cheese_275e0250d365,cheddar,dairy,1,7.67,43.0,31.0,62.0,91.0,79.0,96.0,76.0,93.0,4,4,3,4,3,3
cheese_b716112b05b1,mozzarella,plant_based,2,7.67,34.0,29.0,17.0,11.0,6.0,,,2.0,3,3,2,2,1,2
cheese_7b64560e25ab,feta,dairy,2,9.0,22.0,70.0,69.0,26.0,74.0,44.0,98.0,29.0,4,3,3,3,3,3
cheese_05e6f3fc0d50,feta,dairy,2,9.0,11.0,26.0,0.0,75.0,42.0,13.0,96.0,13.0,3,3,3,3,3,3
cheese_dec7738e8f85,cheddar,dairy,2,6.33,72.0,37.0,81.0,17.0,77.0,80.0,74.0,81.0,2,3,3,3,3,3
cheese_eee1e80f79f5,cheddar,dairy,1,9.0,12.0,51.0,59.0,19.0,97.0,78.0,64.0,12.0,3,3,3,3,3,3
cheese_d739f92a366c,mozzarella,dairy,1,7.67,63.0,25.0,76.0,20.0,100.0,63.0,98.0,77.0,3,2,3,3,3,3
cheese_a6dba1dc5d98,cheddar,dairy,2,7.67,53.0,55.0,55.0,38.0,48.0,49.0,54.0,64.0,2,2,3,2,2,1
cheese_4be56c83d342,cheddar,dairy,1,1.0,17.0,26.0,,,78.0,41.0,55.0,72.0,3,3,3,3,3,3
cheese_a1015a9d1bbd,mozzarella,plant_based,1,9.0,40.0,39.0,49.0,61.0,16.0,43.0,59.0,72.0,2,3,3,2,3,2
cheese_c2f330603093,feta,plant_based,2,1.0,7.0,13.0,63.0,5.0,28.0,18.0,51.0,6.0,2,4,3,2,2,4
cheese_a50c42675b09,cheddar,dairy,2,6.33,53.0,59.0,42.0,4.0,93.0,61.0,81.0,53.0,3,3,2,3,3,3
cheese_a551c7ccb671,feta,plant_based,1,5.0,52.0,44.0,77.0,31.0,76.0,57.0,45.0,44.0,2,4,3,3,2,3
cheese_81b6dc6c8969,mozzarella,dairy,2,9.0,54.0,12.0,40.0,8.0,54.0,35.0,69.0,82.0,3,3,3,3,3,3
cheese_05e6f3fc0d50,feta,plant_based,1,2.33,25.0,4.0,79.0,14.0,7.0,1.0,0.0,0.0,2,5,5,1,2,4
cheese_fdbde28dfec8,cheddar,plant_based,2,2.33,59.0,86.0,22.0,83.0,62.0,71.0,22.0,20.0,4,2,3,3,4,2
cheese_ea6cb36abfdd,cheddar,dairy,2,1.0,17.0,50.0,47.0,23.0,97.0,70.0,84.0,23.0,3,2,3,3,3,2
cheese_c84960cf6ef5,mozzarella,plant_based,1,5.0,68.0,49.0,67.0,26.0,36.0,67.0,28.0,74.0,3,2,2,3,2,3
cheese_94ecad50e1ea,cheddar,plant_based,2,5.0,100.0,40.0,75.0,,70.0,80.0,70.0,50.0,3,3,3,3,1,3
cheese_af099857d24b,cheddar,dairy,2,7.67,68.0,41.0,86.0,52.0,91.0,50.0,71.0,43.0,3,3,3,3,3,4
cheese_7013189a75f4,feta,dairy,1,9.0,53.0,27.0,74.0,44.0,69.0,78.0,68.0,47.0,3,3,4,3,4,4
cheese_38b49b8ebf48,cheddar,dairy,2,6.33,56.0,58.0,55.0,41.0,52.0,48.0,55.0,56.0,2,2,3,2,2,2
cheese_62932f784656,feta,dairy,1,7.67,22.0,50.0,40.0,51.0,66.0,28.0,55.0,33.0,3,3,1,1,1,1
cheese_c67486988d1f,feta,dairy,1,1.0,45.0,48.0,50.0,45.0,76.0,69.0,55.0,60.0,1,3,5,4,5,4
cheese_f6a7bfdcc83e,cheddar,dairy,2,9.0,49.0,42.0,52.0,12.0,98.0,57.0,94.0,43.0,3,3,3,3,3,3
cheese_9c924c800510,mozzarella,dairy,2,9.0,69.0,63.0,32.0,20.0,84.0,95.0,93.0,86.0,3,3,4,3,3,3
cheese_7c0c9ea3e5c2,feta,dairy,2,6.33,55.0,50.0,52.0,64.0,83.0,49.0,84.0,74.0,3,3,2,3,3,3
cheese_08292dc07f9e,feta,plant_based,1,5.0,,,100.0,,90.0,89.0,100.0,80.0,1,4,3,3,3,3
cheese_37778cb3f248,mozzarella,plant_based,1,5.0,56.0,52.0,55.0,65.0,65.0,64.0,58.0,75.0,4,2,1,1,3,2
cheese_da98dcecbc92,feta,dairy,1,6.33,43.0,31.0,78.0,39.0,75.0,74.0,76.0,50.0,3,3,4,3,4,5
cheese_8ef9ae51c03b,mozzarella,plant_based,1,3.67,52.0,50.0,47.0,32.0,20.0,23.0,29.0,39.0,3,1,3,2,2,3
cheese_7c0c9ea3e5c2,feta,plant_based,1,3.67,47.0,54.0,92.0,36.0,79.0,42.0,45.0,28.0,2,4,3,3,1,3
cheese_9f9415b1e1a1,cheddar,plant_based,2,6.33,37.0,39.0,25.0,47.0,48.0,12.0,42.0,23.0,4,2,3,2,3,2
cheese_363620031065,cheddar,dairy,2,9.0,20.0,53.0,41.0,40.0,62.0,27.0,59.0,,3,3,3,3,3,3
cheese_8dd50f93f4db,feta,plant_based,1,6.33,43.0,37.0,81.0,24.0,51.0,41.0,77.0,53.0,3,3,4,3,3,3
cheese_f34aeae408f1,feta,dairy,2,9.0,28.0,32.0,88.0,31.0,56.0,52.0,90.0,57.0,3,3,3,3,3,3
cheese_9cd7f36db45f,cheddar,dairy,1,9.0,0.0,0.0,95.0,11.0,89.0,100.0,87.0,96.0,3,3,3,3,3,2
cheese_374bd74a122a,feta,dairy,2,7.67,55.0,52.0,59.0,44.0,88.0,70.0,56.0,73.0,3,3,3,3,3,3
cheese_f577211be597,mozzarella,plant_based,1,2.33,52.0,45.0,54.0,35.0,17.0,28.0,29.0,37.0,3,1,3,2,2,3
cheese_1d55faa1f299,mozzarella,dairy,1,6.33,42.0,21.0,64.0,7.0,67.0,22.0,44.0,18.0,2,2,2,2,3,4
cheese_9eeef5ec7a43,feta,dairy,2,9.0,30.0,31.0,45.0,10.0,100.0,56.0,73.0,21.0,3,3,3,3,3,3
cheese_61eb5062cee9,mozzarella,dairy,2,9.0,72.0,22.0,46.0,15.0,84.0,95.0,60.0,86.0,3,3,3,3,3,3
cheese_328ec907f3b3,cheddar,plant_based,2,5.0,35.0,27.0,36.0,40.0,40.0,17.0,42.0,35.0,4,2,4,2,3,1
cheese_24a940e3f2dc,feta,plant_based,2,9.0,33.0,35.0,79.0,18.0,36.0,37.0,77.0,55.0,2,3,4,3,3,3
cheese_1ce3e88a4d78,mozzarella,plant_based,2,1.0,95.0,80.0,63.0,,,92.0,10.0,81.0,4,4,2,4,1,3
cheese_ca96e70943ab,cheddar,dairy,1,9.0,30.0,14.0,41.0,16.0,100.0,50.0,99.0,81.0,3,2,3,3,3,3
cheese_531d019b672d,feta,dairy,1,6.33,32.0,26.0,41.0,16.0,94.0,64.0,68.0,24.0,3,3,3,3,3,3
cheese_66d5b2730439,mozzarella,dairy,2,6.33,76.0,72.0,28.0,30.0,85.0,94.0,100.0,89.0,3,4,3,3,3,3
cheese_f206bb79453b,feta,plant_based,1,9.0,12.0,15.0,31.0,7.0,41.0,31.0,30.0,75.0,3,4,2,2,2,3
cheese_25f7bac1c578,mozzarella,dairy,2,9.0,80.0,17.0,57.0,15.0,94.0,93.0,62.0,90.0,3,3,3,3,3,3
cheese_6bc8763c116a,mozzarella,dairy,2,7.67,49.0,34.0,42.0,8.0,91.0,60.0,72.0,1.0,4,2,2,3,3,3
cheese_aea94a0a6a40,mozzarella,plant_based,1,6.33,23.0,20.0,17.0,19.0,0.0,,,14.0,3,3,1,2,1,2
cheese_fa8abe6cedf2,mozzarella,plant_based,2,1.0,41.0,26.0,15.0,19.0,8.0,,,16.0,3,3,2,2,1,2
cheese_270dbcb30835,feta,dairy,2,6.33,52.0,34.0,72.0,44.0,77.0,72.0,72.0,51.0,3,3,4,3,4,4
cheese_734bb52fbc56,mozzarella,dairy,2,9.0,85.0,37.0,61.0,48.0,88.0,82.0,90.0,85.0,2,4,3,3,3,3
cheese_655b968303d2,cheddar,dairy,1,9.0,22.0,22.0,53.0,13.0,92.0,55.0,100.0,75.0,3,3,3,3,3,3
cheese_7e78f3f9422d,mozzarella,plant_based,1,5.0,30.0,71.0,49.0,80.0,59.0,20.0,73.0,18.0,3,2,4,2,3,2
cheese_6ef160eb56d1,mozzarella,plant_based,1,2.33,14.0,30.0,17.0,53.0,22.0,9.0,21.0,15.0,5,2,5,2,2,1
cheese_9f111264c585,mozzarella,plant_based,2,5.0,63.0,100.0,44.0,53.0,58.0,25.0,32.0,,5,1,4,1,2,1
cheese_9cac3ed56aaf,cheddar,plant_based,1,5.0,70.0,47.0,61.0,44.0,73.0,73.0,66.0,64.0,3,3,3,4,4,4
cheese_420d31136d1e,feta,plant_based,2,3.67,18.0,13.0,28.0,13.0,37.0,36.0,30.0,72.0,3,3,2,2,2,3
cheese_bf38f4457309,mozzarella,dairy,2,6.33,40.0,49.0,52.0,,96.0,70.0,75.0,82.0,3,3,2,3,3,3
cheese_f9cbd8e8463e,mozzarella,plant_based,1,7.67,13.0,26.0,44.0,12.0,63.0,60.0,66.0,48.0,2,3,3,3,3,3
cheese_9698d00ec1d1,mozzarella,dairy,1,6.33,41.0,20.0,50.0,0.0,90.0,89.0,60.0,90.0,3,3,2,4,2,3
cheese_b9e04150146c,feta,plant_based,1,1.0,45.0,54.0,87.0,43.0,74.0,47.0,45.0,29.0,2,4,3,3,2,3
cheese_6d9d1f2a4d79,feta,plant_based,2,5.0,,,89.0,26.0,37.0,64.0,7.0,100.0,1,2,4,1,5,5
cheese_ed72776f19ab,mozzarella,plant_based,2,1.0,54.0,41.0,66.0,26.0,46.0,59.0,28.0,68.0,3,2,3,3,2,3
cheese_8c63adc00116,cheddar,plant_based,2,1.0,59.0,53.0,43.0,77.0,4.0,34.0,7.0,42.0,4,1,1,3,1,3
cheese_62d4f6a6e3aa,cheddar,plant_based,2,1.0,55.0,64.0,47.0,28.0,,,45.0,61.0,3,4,1,2,1,3
cheese_bef343293fa3,cheddar,dairy,1,2.33,66.0,35.0,82.0,23.0,82.0,86.0,75.0,82.0,2,3,3,3,3,3
cheese_3d59896f422f,cheddar,plant_based,1,6.33,34.0,55.0,7.0,22.0,,,,,3,2,3,2,2,3
cheese_93836954333c,mozzarella,plant_based,2,3.67,56.0,9.0,59.0,21.0,1.0,61.0,7.0,84.0,2,3,3,4,3,3
cheese_f03435b179b9,cheddar,plant_based,2,5.0,39.0,58.0,38.0,15.0,67.0,65.0,70.0,59.0,4,3,1,3,2,3
cheese_967813dad246,mozzarella,plant_based,1,7.67,61.0,37.0,74.0,18.0,38.0,65.0,28.0,65.0,3,2,3,3,2,3
cheese_e27f18f572cb,cheddar,dairy,1,9.0,2.0,3.0,95.0,6.0,93.0,100.0,79.0,99.0,3,3,3,3,3,3
cheese_dc3538d4659e,mozzarella,dairy,1,7.67,49.0,20.0,52.0,10.0,100.0,57.0,87.0,32.0,2,3,3,3,3,3
cheese_0bd0b024dcea,mozzarella,dairy,1,9.0,13.0,12.0,91.0,0.0,99.0,69.0,94.0,22.0,5,4,4,2,2,3
cheese_ca383432cdff,feta,dairy,2,9.0,,,,,,,,15.0,3,3,3,3,3,3
cheese_5b9ecef2b7f5,cheddar,plant_based,2,5.0,22.0,11.0,54.0,78.0,33.0,43.0,32.0,30.0,1,1,4,2,1,3
cheese_5c736a951aa5,mozzarella,dairy,1,6.33,49.0,21.0,49.0,16.0,94.0,59.0,93.0,34.0,1,3,3,3,3,2
cheese_6357a430dacc,mozzarella,dairy,1,6.33,43.0,51.0,82.0,11.0,85.0,88.0,66.0,68.0,3,4,3,4,3,3
cheese_558d90b40852,cheddar,plant_based,1,6.33,61.0,55.0,15.0,78.0,37.0,9.0,30.0,42.0,3,2,1,1,1,2
cheese_8692b400e15c,feta,plant_based,2,1.0,0.0,11.0,22.0,2.0,,39.0,0.0,99.0,5,1,2,1,1,1
cheese_dae2f3aa6fbe,cheddar,dairy,2,9.0,2.0,32.0,44.0,69.0,100.0,98.0,91.0,57.0,3,3,3,3,3,3
cheese_ecf029f6c9b0,cheddar,plant_based,2,5.0,14.0,56.0,17.0,44.0,53.0,46.0,21.0,28.0,4,2,3,2,2,3
cheese_29d837309e14,cheddar,dairy,1,6.33,40.0,15.0,70.0,50.0,80.0,52.0,72.0,100.0,1,3,3,3,3,4
cheese_72e1868f3de4,cheddar,dairy,1,6.33,69.0,60.0,66.0,32.0,100.0,74.0,100.0,74.0,3,3,3,3,2,4
cheese_2a7476a3d40d,feta,dairy,2,9.0,34.0,66.0,51.0,50.0,46.0,21.0,78.0,42.0,3,3,4,2,3,3
cheese_b7435409543c,feta,dairy,1,9.0,47.0,35.0,72.0,40.0,78.0,69.0,71.0,59.0,3,3,4,3,3,4
cheese_edab4b9fea4d,mozzarella,dairy,1,7.67,63.0,25.0,77.0,14.0,100.0,69.0,100.0,76.0,3,3,3,3,3,3
cheese_4f856941e4f4,mozzarella,plant_based,2,5.0,36.0,35.0,65.0,,40.0,59.0,45.0,76.0,2,2,2,3,2,4
cheese_62f8539fc1d8,cheddar,plant_based,2,3.67,39.0,70.0,26.0,72.0,22.0,20.0,31.0,21.0,4,2,2,2,4,2
cheese_ecf029f6c9b0,cheddar,dairy,1,6.33,39.0,27.0,57.0,9.0,92.0,71.0,72.0,69.0,3,3,3,3,3,3
cheese_ae3090c27be2,mozzarella,plant_based,1,2.33,10.0,64.0,52.0,21.0,37.0,18.0,16.0,21.0,5,1,3,1,4,3
cheese_bc245726c390,mozzarella,plant_based,1,3.67,68.0,100.0,51.0,49.0,63.0,29.0,32.0,,5,1,4,1,2,1
cheese_54d533d35672,feta,plant_based,1,9.0,14.0,15.0,70.0,0.0,98.0,69.0,100.0,94.0,3,3,3,3,3,4
cheese_3701c1b77d7c,cheddar,plant_based,1,1.0,39.0,76.0,28.0,74.0,25.0,22.0,31.0,24.0,4,2,2,2,4,2
cheese_4b00e6ca3371,cheddar,plant_based,2,7.67,62.0,49.0,56.0,44.0,74.0,69.0,66.0,61.0,3,4,3,4,4,4
cheese_844e2e32d136,mozzarella,dairy,1,9.0,26.0,11.0,27.0,,78.0,49.0,79.0,15.0,2,3,3,2,3,3
cheese_45d96a233186,cheddar,plant_based,2,5.0,0.0,8.0,2.0,7.0,20.0,8.0,77.0,85.0,4,2,3,2,2,2
cheese_8c829d055a39,cheddar,dairy,2,5.0,63.0,47.0,48.0,14.0,100.0,58.0,100.0,48.0,3,3,3,3,3,4
cheese_322e4ddf2517,cheddar,plant_based,2,9.0,45.0,43.0,25.0,54.0,48.0,8.0,42.0,31.0,4,2,3,2,3,2
cheese_746d13f811ce,feta,dairy,2,5.0,51.0,30.0,61.0,40.0,76.0,67.0,71.0,51.0,3,3,4,3,4,4
cheese_34b21119bf2a,feta,dairy,2,9.0,52.0,34.0,88.0,30.0,97.0,73.0,100.0,92.0,3,3,3,3,3,4
cheese_ea6cb36abfdd,cheddar,plant_based,1,1.0,,32.0,,,,,,,1,1,3,2,1,1
cheese_1aea28e664f7,mozzarella,plant_based,1,3.67,7.0,32.0,5.0,76.0,42.0,8.0,26.0,70.0,1,1,4,3,4,1
cheese_4f6ade873a97,mozzarella,dairy,1,9.0,79.0,86.0,88.0,92.0,66.0,79.0,65.0,92.0,3,3,4,4,5,4
cheese_6d7b15d4952a,mozzarella,dairy,1,9.0,12.0,12.0,91.0,10.0,100.0,78.0,100.0,26.0,5,4,3,2,2,3
cheese_e5e63f03f7dd,mozzarella,plant_based,2,7.67,35.0,63.0,50.0,72.0,56.0,21.0,73.0,21.0,3,2,4,2,3,2
cheese_614d300b5887,cheddar,dairy,1,7.67,3.0,29.0,49.0,57.0,100.0,100.0,97.0,54.0,3,3,4,4,3,3
cheese_b7435409543c,feta,plant_based,2,5.0,5.0,0.0,70.0,8.0,77.0,70.0,81.0,93.0,1,3,3,4,2,4
cheese_b9e04150146c,feta,dairy,2,9.0,47.0,50.0,59.0,60.0,96.0,45.0,80.0,72.0,3,3,2,3,3,3
cheese_4067f267dd65,mozzarella,plant_based,1,7.67,41.0,45.0,50.0,,26.0,49.0,45.0,82.0,2,1,2,4,2,4
cheese_f34aeae408f1,feta,plant_based,1,5.0,40.0,33.0,76.0,23.0,52.0,39.0,77.0,53.0,3,3,4,3,3,2
cheese_2d6496a6c601,mozzarella,dairy,2,7.67,30.0,15.0,61.0,16.0,58.0,24.0,53.0,8.0,2,2,2,2,3,4
cheese_e138bbe3962d,mozzarella,dairy,2,9.0,42.0,59.0,69.0,,,,,,3,3,3,3,3,3
cheese_902d79d7c012,feta,plant_based,2,5.0,24.0,17.0,72.0,0.0,90.0,70.0,100.0,94.0,3,3,3,3,3,4
cheese_4e3bbe1a9f94,cheddar,plant_based,1,3.67,59.0,51.0,44.0,27.0,,,45.0,65.0,3,4,1,2,1,3
cheese_29d837309e14,cheddar,plant_based,2,3.67,70.0,52.0,11.0,81.0,50.0,12.0,30.0,40.0,3,2,1,1,1,2
cheese_6733c5dc2323,feta,dairy,1,6.33,,,,,,,,13.0,3,2,3,3,4,3
cheese_9ec1f5799aa2,mozzarella,dairy,2,6.33,71.0,16.0,49.0,19.0,85.0,89.0,59.0,89.0,3,3,3,3,3,3
cheese_0bf7f0576719,mozzarella,dairy,2,9.0,41.0,30.0,72.0,28.0,100.0,57.0,99.0,71.0,3,3,2,2,3,3
cheese_4238a0edc1fb,mozzarella,dairy,2,9.0,29.0,8.0,25.0,,80.0,54.0,75.0,4.0,2,3,3,3,3,3
cheese_7b89e21b5e2d,cheddar,dairy,1,6.33,23.0,34.0,,,77.0,31.0,64.0,82.0,3,4,3,3,3,3
cheese_1accf4e505a2,mozzarella,dairy,2,9.0,55.0,14.0,48.0,7.0,97.0,52.0,93.0,31.0,2,3,3,3,3,3
cheese_41952e006780,mozzarella,dairy,2,6.33,63.0,44.0,55.0,16.0,89.0,79.0,71.0,50.0,4,3,3,3,1,3
cheese_320a6c2477c7,mozzarella,dairy,2,3.67,19.0,4.0,84.0,0.0,90.0,100.0,73.0,100.0,3,3,2,4,3,3
cheese_f44974712f2d,feta,dairy,2,9.0,60.0,37.0,93.0,27.0,100.0,68.0,100.0,93.0,3,3,3,3,3,4
cheese_c8e588f75ba3,cheddar,dairy,1,7.67,55.0,53.0,21.0,15.0,50.0,50.0,74.0,48.0,3,2,3,3,3,3
cheese_ee066e8f87a8,cheddar,dairy,1,2.33,65.0,36.0,85.0,52.0,96.0,42.0,79.0,42.0,3,3,3,3,3,4
cheese_be77e6396ba6,feta,plant_based,1,7.67,38.0,40.0,67.0,16.0,48.0,28.0,77.0,52.0,3,3,5,3,3,3
cheese_56978fa7ccf6,mozzarella,dairy,1,9.0,40.0,51.0,60.0,3.0,100.0,52.0,100.0,46.0,4,3,3,3,3,2
cheese_bf38f4457309,mozzarella,plant_based,1,7.67,91.0,80.0,66.0,,,81.0,10.0,80.0,4,4,2,4,1,3
cheese_322e4ddf2517,cheddar,dairy,1,6.33,48.0,31.0,56.0,77.0,87.0,100.0,72.0,91.0,3,4,3,4,3,3
cheese_23b6ac1c9db1,feta,plant_based,2,5.0,14.0,15.0,23.0,11.0,35.0,48.0,30.0,64.0,3,3,2,2,2,2
cheese_0379abaecd07,cheddar,dairy,1,9.0,60.0,50.0,47.0,10.0,99.0,48.0,100.0,54.0,3,3,3,3,3,3
cheese_4be56c83d342,cheddar,plant_based,2,6.33,40.0,66.0,7.0,24.0,,,,,3,2,3,2,1,3
cheese_fca5a84a7d38,feta,dairy,1,5.0,54.0,28.0,47.0,12.0,71.0,42.0,60.0,82.0,3,2,2,2,2,2
cheese_6d9d1f2a4d79,feta,dairy,1,9.0,57.0,37.0,91.0,23.0,100.0,74.0,98.0,93.0,3,3,3,3,3,4
cheese_d81137cbc7ed,feta,dairy,2,6.33,,,,,,,,18.0,3,2,3,3,3,3
cheese_b1708bac7171,mozzarella,plant_based,2,1.0,65.0,100.0,53.0,40.0,73.0,35.0,32.0,,5,1,3,1,2,1
cheese_844e2e32d136,mozzarella,plant_based,2,1.0,3.0,43.0,11.0,77.0,47.0,14.0,26.0,67.0,1,1,4,3,3,2
cheese_156ce8fa89a2,feta,dairy,1,5.0,50.0,36.0,56.0,7.0,67.0,49.0,74.0,79.0,3,2,4,3,2,3
cheese_8b68848be2ca,cheddar,dairy,1,7.67,71.0,43.0,64.0,14.0,97.0,53.0,92.0,55.0,2,4,3,3,3,4
cheese_5a8282435978,cheddar,dairy,1,9.0,7.0,31.0,51.0,59.0,93.0,98.0,98.0,46.0,3,3,3,3,3,3
cheese_047a80c02a5f,feta,plant_based,2,9.0,,,100.0,,93.0,86.0,100.0,84.0,1,5,3,3,2,3
cheese_7f755e1efbab,cheddar,plant_based,2,1.0,,35.0,,,,,,,1,1,3,2,2,1
cheese_f22e95e25191,mozzarella,plant_based,2,6.33,61.0,33.0,91.0,64.0,9.0,55.0,59.0,79.0,3,2,3,3,3,3
cheese_6bc8763c116a,mozzarella,plant_based,1,6.33,47.0,46.0,55.0,,33.0,52.0,45.0,78.0,2,3,2,3,2,4
cheese_2b7ea2bd2674,feta,plant_based,1,9.0,38.0,31.0,74.0,27.0,38.0,44.0,77.0,46.0,2,3,4,3,3,3
cheese_c67486988d1f,feta,plant_based,2,5.0,15.0,7.0,87.0,46.0,51.0,51.0,49.0,92.0,1,4,4,4,4,5
cheese_e329fc542a08,mozzarella,dairy,1,6.33,83.0,30.0,69.0,36.0,83.0,76.0,96.0,82.0,2,4,3,3,3,4
cheese_a588f8e8f56c,feta,dairy,1,5.0,25.0,21.0,72.0,0.0,88.0,59.0,71.0,83.0,3,3,3,3,3,4
cheese_3b235f2ae60e,feta,plant_based,1,1.0,17.0,16.0,79.0,42.0,46.0,43.0,49.0,100.0,1,4,4,4,4,5
cheese_87afe9f037e4,cheddar,dairy,2,9.0,63.0,35.0,58.0,47.0,71.0,82.0,77.0,68.0,2,3,3,4,3,3
cheese_068ee476204c,feta,plant_based,2,2.33,18.0,0.0,58.0,13.0,40.0,15.0,51.0,1.0,1,4,3,2,2,4
cheese_c58eb28d4d17,cheddar,plant_based,2,1.0,60.0,63.0,9.0,83.0,,0.0,30.0,49.0,4,1,3,2,2,1
cheese_068ee476204c,feta,dairy,1,7.67,,,,,,,,25.0,3,2,3,3,3,3
cheese_bc6e77ae3e95,feta,plant_based,2,5.0,1.0,13.0,8.0,0.0,,26.0,0.0,95.0,5,1,2,1,1,1
cheese_1c31726b2c9a,feta,plant_based,1,9.0,41.0,28.0,91.0,56.0,54.0,60.0,60.0,35.0,4,2,2,3,3,3
cheese_94ecad50e1ea,cheddar,dairy,1,7.67,100.0,39.0,100.0,,90.0,90.0,80.0,78.0,3,3,3,3,2,3
cheese_499dc452f66f,feta,dairy,2,6.33,60.0,30.0,42.0,11.0,72.0,51.0,62.0,75.0,3,2,3,3,2,3
cheese_edef710320a7,cheddar,dairy,1,9.0,29.0,43.0,26.0,16.0,100.0,73.0,100.0,27.0,3,3,3,3,3,3
cheese_8a5319635ef2,cheddar,plant_based,2,6.33,39.0,30.0,18.0,51.0,49.0,11.0,42.0,23.0,4,2,3,2,3,2
cheese_d6a4268cc97e,mozzarella,dairy,2,5.0,39.0,18.0,16.0,11.0,96.0,73.0,64.0,67.0,3,2,2,2,3,3
cheese_72095beaf7e8,cheddar,plant_based,1,5.0,14.0,11.0,69.0,3.0,51.0,44.0,33.0,67.0,3,2,2,3,1,3
cheese_62d4f6a6e3aa,cheddar,dairy,1,9.0,72.0,60.0,61.0,30.0,95.0,81.0,100.0,71.0,3,3,3,3,2,4
cheese_724e31312a29,mozzarella,dairy,1,9.0,50.0,50.0,50.0,2.0,100.0,50.0,100.0,50.0,3,3,3,3,3,3
cheese_e37adb3e679a,cheddar,dairy,2,9.0,67.0,50.0,89.0,49.0,94.0,57.0,76.0,43.0,3,4,3,3,3,4
cheese_0dd29d69444b,cheddar,dairy,2,5.0,47.0,36.0,60.0,49.0,66.0,84.0,80.0,74.0,2,3,3,4,3,3
cheese_de4e76f8c9ff,mozzarella,dairy,1,9.0,60.0,21.0,82.0,7.0,100.0,73.0,100.0,74.0,3,3,3,3,3,3
cheese_5200a0e20b17,cheddar,dairy,1,2.33,51.0,48.0,10.0,12.0,43.0,58.0,79.0,45.0,3,2,3,3,3,3
cheese_ac2f7a4332d4,feta,plant_based,1,9.0,,,96.0,,94.0,87.0,100.0,85.0,1,5,3,3,3,3
cheese_05030e1ad4ce,cheddar,plant_based,1,2.33,45.0,63.0,10.0,79.0,,11.0,30.0,49.0,4,1,3,2,2,1
cheese_5a8282435978,cheddar,plant_based,2,5.0,54.0,62.0,13.0,79.0,,8.0,30.0,47.0,4,1,3,2,2,1
cheese_db02ec5dbb82,cheddar,dairy,2,3.67,50.0,51.0,53.0,10.0,98.0,50.0,100.0,45.0,3,3,3,3,3,3
cheese_6c270ad0fdea,feta,plant_based,2,9.0,40.0,43.0,70.0,7.0,48.0,42.0,77.0,63.0,3,3,4,3,3,3
cheese_897f6dd494ad,feta,plant_based,1,1.0,52.0,15.0,61.0,73.0,68.0,49.0,21.0,87.0,1,3,3,3,4,4
cheese_7f45c4456120,feta,dairy,1,9.0,56.0,34.0,71.0,60.0,78.0,68.0,70.0,57.0,3,3,4,3,4,4
cheese_fa8abe6cedf2,mozzarella,dairy,1,9.0,58.0,31.0,39.0,16.0,64.0,27.0,60.0,19.0,2,3,2,3,2,3
cheese_6d7b15d4952a,mozzarella,plant_based,2,9.0,58.0,32.0,95.0,65.0,3.0,52.0,59.0,76.0,3,2,3,3,3,2
cheese_9608a626f3e4,feta,dairy,1,9.0,26.0,31.0,41.0,13.0,100.0,53.0,74.0,23.0,3,3,3,3,3,3
cheese_dc3538d4659e,mozzarella,plant_based,2,2.33,20.0,51.0,36.0,64.0,36.0,25.0,29.0,31.0,4,1,2,2,3,2
cheese_1c31726b2c9a,feta,dairy,2,6.33,29.0,60.0,77.0,35.0,78.0,42.0,86.0,23.0,3,3,2,3,3,3
cheese_edab4b9fea4d,mozzarella,plant_based,2,3.67,64.0,35.0,68.0,24.0,40.0,66.0,28.0,72.0,3,2,3,3,2,3
cheese_f1b38894f88c,mozzarella,dairy,2,6.33,74.0,69.0,28.0,28.0,92.0,94.0,88.0,93.0,3,3,3,3,4,3
cheese_84ccf74a728d,feta,dairy,1,1.0,,,,,,,,16.0,3,2,2,3,3,3
cheese_f1b38894f88c,mozzarella,plant_based,1,5.0,36.0,33.0,32.0,61.0,18.0,49.0,59.0,80.0,2,3,3,2,3,2
cheese_3084ae4a9743,mozzarella,dairy,2,9.0,47.0,48.0,82.0,6.0,87.0,85.0,59.0,74.0,3,4,3,4,3,3
cheese_363620031065,cheddar,plant_based,1,9.0,54.0,53.0,56.0,38.0,68.0,67.0,66.0,69.0,3,5,3,4,4,4
cheese_25f7bac1c578,mozzarella,plant_based,1,6.33,38.0,43.0,43.0,46.0,50.0,51.0,46.0,42.0,4,3,3,2,3,3
cheese_efec2aa93b54,feta,dairy,2,9.0,26.0,26.0,70.0,8.0,84.0,62.0,83.0,83.0,4,4,3,3,3,3
cheese_9eeef5ec7a43,feta,plant_based,1,7.67,15.0,15.0,30.0,12.0,35.0,35.0,30.0,70.0,3,3,2,2,2,3
cheese_3b1703ef1227,cheddar,plant_based,2,1.0,49.0,54.0,6.0,91.0,,14.0,30.0,47.0,4,1,3,2,2,1
cheese_1f208ca0e30f,cheddar,dairy,1,9.0,56.0,57.0,40.0,5.0,83.0,52.0,78.0,48.0,3,3,2,3,3,3
cheese_ba3449ec8f6f,cheddar,plant_based,1,2.33,94.0,68.0,36.0,79.0,31.0,40.0,37.0,32.0,4,1,2,3,4,2
cheese_8a3a93b7f236,feta,dairy,1,9.0,10.0,31.0,3.0,73.0,42.0,13.0,100.0,14.0,3,3,3,3,3,3
cheese_c58eb28d4d17,cheddar,dairy,1,9.0,18.0,29.0,53.0,60.0,94.0,100.0,100.0,54.0,3,2,2,4,3,3
cheese_d71e5c33c280,cheddar,plant_based,1,9.0,70.0,63.0,62.0,40.0,63.0,19.0,68.0,19.0,4,2,3,2,2,3
cheese_4f856941e4f4,mozzarella,dairy,1,7.67,54.0,27.0,45.0,6.0,91.0,66.0,78.0,14.0,2,3,2,3,3,3
cheese_d81137cbc7ed,feta,plant_based,1,5.0,13.0,9.0,63.0,10.0,30.0,15.0,51.0,5.0,2,4,3,2,2,4
cheese_31bf002f2343,cheddar,dairy,1,3.67,26.0,23.0,81.0,16.0,36.0,32.0,55.0,86.0,1,3,3,3,3,3
cheese_275e0250d365,cheddar,plant_based,2,6.33,45.0,39.0,33.0,34.0,52.0,12.0,42.0,22.0,4,2,3,2,3,2
cheese_e8563e6ef8fe,mozzarella,plant_based,2,6.33,0.0,,0.0,100.0,,3.0,3.0,,1,1,1,1,1,1
cheese_f6a7bfdcc83e,cheddar,plant_based,1,5.0,63.0,71.0,60.0,76.0,10.0,26.0,7.0,55.0,4,1,2,3,1,3
cheese_0bd0b024dcea,mozzarella,plant_based,2,7.67,64.0,29.0,95.0,72.0,14.0,51.0,59.0,81.0,3,2,3,3,2,4
cheese_ea2d614d6392,mozzarella,dairy,1,9.0,79.0,70.0,29.0,24.0,85.0,96.0,93.0,81.0,3,3,4,3,3,3
cheese_8f9484c4e050,feta,plant_based,2,1.0,49.0,87.0,56.0,82.0,15.0,30.0,14.0,78.0,5,1,2,1,5,4
cheese_ec8d26dbfb16,cheddar,dairy,2,6.33,33.0,45.0,21.0,16.0,100.0,67.0,100.0,31.0,3,3,3,3,3,3
cheese_edef710320a7,cheddar,plant_based,2,3.67,38.0,44.0,46.0,16.0,16.0,30.0,13.0,44.0,3,2,2,3,2,3
cheese_dec7738e8f85,cheddar,plant_based,1,5.0,32.0,70.0,39.0,68.0,30.0,28.0,31.0,18.0,4,2,2,2,3,2
cheese_7130ea7979d5,mozzarella,plant_based,2,3.67,3.0,0.0,100.0,4.0,93.0,68.0,86.0,94.0,2,5,3,3,3,5
cheese_4bb37e515412,cheddar,dairy,1,9.0,50.0,50.0,50.0,9.0,100.0,49.0,100.0,50.0,3,3,3,3,3,3
cheese_e1157fec0ee7,mozzarella,dairy,1,9.0,29.0,32.0,21.0,14.0,94.0,53.0,64.0,69.0,3,2,2,3,2,3
cheese_e138bbe3962d,mozzarella,plant_based,1,7.67,54.0,50.0,58.0,66.0,57.0,69.0,58.0,67.0,4,2,1,2,2,2
cheese_89259c44e93f,mozzarella,plant_based,1,5.0,,,30.0,,19.0,100.0,42.0,100.0,2,5,5,5,1,5
cheese_89259c44e93f,mozzarella,dairy,2,6.33,86.0,37.0,67.0,36.0,80.0,79.0,90.0,86.0,2,4,3,3,3,3
cheese_3745fef15174,feta,plant_based,1,5.0,45.0,27.0,92.0,63.0,60.0,56.0,60.0,32.0,4,2,2,3,3,3
cheese_766085bdafa3,cheddar,plant_based,2,1.0,22.0,11.0,75.0,10.0,28.0,19.0,30.0,96.0,1,1,2,1,1,1
cheese_156ce8fa89a2,feta,plant_based,2,1.0,53.0,89.0,50.0,86.0,19.0,26.0,14.0,78.0,5,1,2,1,5,4
cheese_c0cd2b8187b5,feta,plant_based,1,6.33,38.0,35.0,74.0,21.0,46.0,24.0,77.0,52.0,4,3,4,3,3,3
cheese_61a499011d86,feta,dairy,2,6.33,50.0,31.0,89.0,38.0,91.0,66.0,100.0,92.0,2,3,3,3,3,4
cheese_531d019b672d,feta,plant_based,2,6.33,18.0,9.0,35.0,12.0,38.0,30.0,30.0,62.0,3,3,2,3,2,3
cheese_52a218d356dc,mozzarella,plant_based,2,2.33,7.0,,3.0,100.0,,0.0,3.0,,1,1,1,1,1,1
cheese_381b6f0efe57,mozzarella,plant_based,2,9.0,62.0,53.0,53.0,58.0,55.0,68.0,58.0,69.0,4,2,1,2,2,2
cheese_b7d6e72dfb85,mozzarella,dairy,2,9.0,57.0,36.0,27.0,16.0,60.0,30.0,53.0,17.0,2,3,2,3,2,3
cheese_773b0b549aae,feta,plant_based,2,6.33,9.0,25.0,66.0,58.0,35.0,51.0,47.0,43.0,3,2,3,2,3,2
cheese_fdbde28dfec8,cheddar,dairy,1,9.0,23.0,14.0,64.0,5.0,89.0,77.0,91.0,82.0,3,3,3,3,3,3
cheese_efec2aa93b54,feta,plant_based,1,9.0,6.0,15.0,69.0,0.0,91.0,66.0,100.0,89.0,3,3,3,3,3,4
cheese_87afe9f037e4,cheddar,plant_based,1,6.33,85.0,67.0,39.0,73.0,29.0,38.0,37.0,45.0,4,1,2,2,4,2
cheese_1733b2edc2d5,feta,plant_based,2,5.0,,,100.0,27.0,42.0,67.0,7.0,95.0,1,2,4,2,4,5
cheese_f577211be597,mozzarella,dairy,2,9.0,28.0,16.0,68.0,0.0,58.0,13.0,48.0,13.0,2,2,2,2,3,4
cheese_e8563e6ef8fe,mozzarella,dairy,1,9.0,45.0,,47.0,,100.0,88.0,92.0,48.0,3,3,3,3,3,3
cheese_c54a86b4917f,mozzarella,dairy,1,7.67,71.0,78.0,84.0,83.0,74.0,82.0,69.0,88.0,3,4,4,4,5,4
cheese_265afb3681f2,feta,plant_based,2,9.0,18.0,16.0,70.0,9.0,95.0,69.0,100.0,95.0,3,3,3,3,3,4
cheese_7c005c303484,feta,plant_based,2,6.33,0.0,4.0,79.0,6.0,87.0,62.0,81.0,100.0,1,3,2,4,2,3
cheese_dc2f8bfdd32b,cheddar,plant_based,2,3.67,14.0,11.0,67.0,17.0,37.0,19.0,30.0,94.0,1,1,2,1,1,1
cheese_de4e76f8c9ff,mozzarella,plant_based,2,5.0,69.0,28.0,63.0,22.0,46.0,68.0,28.0,67.0,3,2,3,3,3,3
cheese_5c736a951aa5,mozzarella,plant_based,2,2.33,14.0,42.0,34.0,63.0,34.0,19.0,29.0,29.0,4,1,2,2,3,2
cheese_0dd29d69444b,cheddar,plant_based,1,6.33,82.0,76.0,27.0,81.0,31.0,34.0,37.0,49.0,4,1,2,2,4,2
cheese_4edb104b71d3,mozzarella,plant_based,2,1.0,7.0,46.0,0.0,81.0,41.0,12.0,26.0,72.0,1,1,4,3,4,2
cheese_5200a0e20b17,cheddar,plant_based,2,3.67,11.0,51.0,13.0,46.0,18.0,0.0,31.0,44.0,2,1,2,2,2,3
cheese_374bd74a122a,feta,plant_based,1,5.0,33.0,23.0,70.0,36.0,69.0,63.0,61.0,38.0,3,3,3,3,3,3
cheese_ba3449ec8f6f,cheddar,dairy,2,6.33,58.0,37.0,64.0,57.0,67.0,82.0,74.0,67.0,3,3,2,4,3,4
cheese_82e91301b37b,mozzarella,dairy,1,9.0,51.0,40.0,63.0,25.0,90.0,62.0,100.0,64.0,3,3,3,3,3,3
cheese_d19777fcbb7a,mozzarella,dairy,2,6.33,78.0,100.0,47.0,51.0,83.0,56.0,70.0,,5,1,5,2,5,1
cheese_273af0a5a169,mozzarella,plant_based,2,9.0,31.0,60.0,60.0,24.0,18.0,12.0,47.0,51.0,4,3,3,3,2,3
cheese_187b2d634e56,mozzarella,plant_based,1,2.33,35.0,86.0,28.0,53.0,9.0,62.0,0.0,53.0,4,2,2,2,5,2
cheese_7013189a75f4,feta,plant_based,2,5.0,4.0,0.0,75.0,18.0,72.0,67.0,81.0,100.0,1,3,3,4,1,4
cheese_23a1357d7f59,cheddar,dairy,2,9.0,52.0,49.0,54.0,11.0,100.0,45.0,92.0,48.0,3,3,3,3,3,3
cheese_c60ac3ff0735,cheddar,dairy,2,9.0,70.0,59.0,60.0,36.0,100.0,76.0,100.0,68.0,3,3,3,3,2,4
cheese_c631c9343917,cheddar,plant_based,1,5.0,12.0,57.0,28.0,41.0,50.0,47.0,21.0,45.0,4,1,3,2,2,2
cheese_8c829d055a39,cheddar,plant_based,1,5.0,56.0,56.0,51.0,83.0,7.0,26.0,7.0,52.0,4,1,2,3,1,3
cheese_e37adb3e679a,cheddar,plant_based,1,1.0,13.0,12.0,,0.0,,,,17.0,2,2,3,2,5,1
cheese_4067f267dd65,mozzarella,dairy,2,6.33,65.0,30.0,59.0,1.0,91.0,53.0,74.0,0.0,2,3,2,3,3,3
cheese_75a4ae81ec47,mozzarella,plant_based,1,9.0,50.0,49.0,60.0,63.0,64.0,71.0,58.0,67.0,4,2,2,2,2,2
cheese_4edb104b71d3,mozzarella,dairy,1,9.0,27.0,0.0,29.0,,87.0,56.0,84.0,17.0,2,4,3,2,3,3
cheese_4d20562be0d9,cheddar,plant_based,2,3.67,86.0,73.0,31.0,80.0,31.0,37.0,37.0,38.0,4,1,2,2,4,2
cheese_5f95d52f7e00,cheddar,plant_based,1,5.0,65.0,45.0,53.0,48.0,77.0,69.0,66.0,62.0,3,4,3,4,4,4
cheese_c9ad5fd52aae,feta,dairy,2,6.33,29.0,14.0,66.0,10.0,76.0,62.0,79.0,88.0,3,4,2,3,4,3
cheese_ecfa2bc7ab0d,mozzarella,dairy,1,6.33,60.0,33.0,52.0,8.0,58.0,40.0,40.0,45.0,3,2,1,2,2,3
cheese_9cac3ed56aaf,cheddar,dairy,2,9.0,35.0,61.0,39.0,55.0,64.0,29.0,53.0,,3,3,3,3,3,3
cheese_2ddf209f964d,feta,plant_based,2,5.0,15.0,17.0,27.0,11.0,34.0,31.0,30.0,69.0,3,3,2,2,2,3
cheese_de74b0a07018,feta,dairy,1,5.0,53.0,80.0,42.0,48.0,47.0,20.0,80.0,38.0,3,3,4,2,4,3
cheese_d19777fcbb7a,mozzarella,plant_based,1,9.0,74.0,100.0,45.0,44.0,71.0,24.0,32.0,,5,1,4,1,2,1
cheese_05030e1ad4ce,cheddar,dairy,2,9.0,8.0,33.0,56.0,65.0,93.0,95.0,100.0,53.0,4,3,3,4,3,3
cheese_e7237b836c44,feta,dairy,1,5.0,52.0,45.0,45.0,20.0,28.0,39.0,76.0,42.0,3,3,3,2,3,3
cheese_e6f9189de4fa,mozzarella,dairy,1,7.67,48.0,55.0,72.0,,,,,,2,3,3,4,3,3
cheese_4b0254b97369,cheddar,plant_based,1,1.0,99.0,38.0,79.0,,72.0,78.0,70.0,56.0,3,2,3,3,1,3
cheese_614d300b5887,cheddar,plant_based,2,1.0,59.0,56.0,19.0,73.0,,9.0,30.0,52.0,4,1,3,2,2,2
cheese_e09f821a348f,cheddar,dairy,1,9.0,21.0,54.0,54.0,14.0,98.0,75.0,72.0,35.0,4,3,3,3,3,3
cheese_8a5319635ef2,cheddar,dairy,1,6.33,50.0,28.0,61.0,79.0,84.0,91.0,84.0,90.0,3,4,4,4,3,3
cheese_6a8a429ed0eb,feta,dairy,2,6.33,43.0,50.0,50.0,64.0,82.0,64.0,48.0,64.0,2,3,5,4,5,4
cheese_2781b108640e,mozzarella,dairy,1,9.0,63.0,4.0,46.0,7.0,58.0,41.0,77.0,89.0,3,3,3,2,3,3
cheese_36b0edb8046b,cheddar,plant_based,2,1.0,,37.0,,,,,,,1,1,3,2,1,1
cheese_9aa34d88a556,mozzarella,plant_based,1,1.0,16.0,5.0,35.0,28.0,49.0,46.0,25.0,88.0,3,1,3,2,1,2
cheese_4cceea25bdff,feta,plant_based,2,2.33,20.0,0.0,81.0,16.0,0.0,0.0,0.0,5.0,2,5,5,1,2,4
cheese_f44974712f2d,feta,plant_based,1,5.0,,,96.0,19.0,32.0,68.0,7.0,100.0,1,2,4,1,5,5
cheese_93836954333c,mozzarella,dairy,1,9.0,52.0,40.0,50.0,11.0,95.0,46.0,100.0,42.0,3,3,3,3,3,3
cheese_c5ad7d71ab54,feta,plant_based,2,6.33,0.0,0.0,85.0,14.0,78.0,67.0,81.0,100.0,1,2,3,4,2,4
cheese_4cbd8bbb1a74,cheddar,plant_based,2,3.67,92.0,76.0,29.0,84.0,17.0,43.0,37.0,29.0,4,1,2,2,4,2
cheese_8dd50f93f4db,feta,dairy,2,9.0,28.0,29.0,79.0,27.0,67.0,47.0,80.0,58.0,3,3,3,3,3,3
cheese_3cdbbf10fc52,feta,plant_based,1,6.33,40.0,96.0,58.0,78.0,18.0,17.0,14.0,78.0,5,2,2,1,5,4
cheese_c19aab6c827b,cheddar,dairy,1,5.0,53.0,42.0,46.0,8.0,100.0,52.0,100.0,43.0,3,3,3,3,3,3
cheese_fe03ffc48990,feta,plant_based,1,1.0,56.0,56.0,88.0,33.0,68.0,56.0,45.0,31.0,2,4,3,3,2,3
cheese_60c16dab10e8,mozzarella,dairy,1,2.33,45.0,52.0,71.0,,,,,,3,2,3,3,4,3
cheese_5b702bf03c78,feta,dairy,1,5.0,0.0,3.0,75.0,3.0,83.0,66.0,78.0,100.0,3,3,2,3,3,3
cheese_e27f18f572cb,cheddar,plant_based,2,5.0,4.0,19.0,16.0,0.0,13.0,5.0,77.0,93.0,4,2,3,2,2,2
cheese_8692b400e15c,feta,dairy,1,5.0,1.0,9.0,86.0,0.0,87.0,74.0,73.0,100.0,3,3,3,3,3,3
cheese_13947f64916f,mozzarella,plant_based,2,7.67,10.0,24.0,47.0,9.0,63.0,71.0,66.0,41.0,2,3,3,4,3,3
cheese_45d96a233186,cheddar,dairy,1,6.33,15.0,6.0,92.0,2.0,86.0,100.0,76.0,87.0,2,3,3,3,3,3
cheese_62f8539fc1d8,cheddar,dairy,1,7.67,64.0,39.0,82.0,20.0,82.0,83.0,80.0,81.0,2,3,3,3,3,3
cheese_2a7476a3d40d,feta,plant_based,1,5.0,6.0,24.0,66.0,53.0,39.0,48.0,47.0,42.0,3,2,3,2,3,2
cheese_4d2da98491db,cheddar,dairy,2,9.0,35.0,39.0,25.0,14.0,100.0,74.0,100.0,20.0,3,3,3,3,3,3
cheese_9608a626f3e4,feta,plant_based,2,9.0,18.0,12.0,31.0,13.0,34.0,31.0,30.0,67.0,3,3,2,2,2,3
cheese_2b7ea2bd2674,feta,dairy,2,9.0,27.0,36.0,74.0,30.0,81.0,42.0,90.0,54.0,3,3,3,3,3,3
cheese_61a499011d86,feta,plant_based,1,1.0,,,100.0,25.0,41.0,68.0,7.0,100.0,1,2,4,1,4,4
cheese_9698d00ec1d1,mozzarella,plant_based,2,1.0,10.0,10.0,30.0,26.0,50.0,50.0,25.0,92.0,3,1,3,2,1,1
cheese_4bb37e515412,cheddar,plant_based,2,2.33,63.0,60.0,51.0,74.0,10.0,25.0,7.0,52.0,4,1,2,3,1,3
cheese_23b6ac1c9db1,feta,dairy,1,5.0,35.0,32.0,54.0,12.0,100.0,56.0,79.0,26.0,3,3,4,3,3,4
cheese_7b64560e25ab,feta,plant_based,1,5.0,39.0,23.0,87.0,58.0,61.0,54.0,60.0,37.0,4,2,2,3,3,3
cheese_6a8a429ed0eb,feta,plant_based,1,1.0,9.0,9.0,80.0,51.0,56.0,47.0,49.0,91.0,1,4,4,4,4,5
cheese_902d79d7c012,feta,dairy,1,2.33,25.0,12.0,72.0,9.0,83.0,63.0,90.0,96.0,3,3,3,3,3,3
cheese_e7237b836c44,feta,plant_based,2,9.0,49.0,10.0,76.0,76.0,60.0,58.0,21.0,88.0,1,2,3,2,3,4
cheese_66d5b2730439,mozzarella,plant_based,1,6.33,36.0,40.0,32.0,70.0,15.0,59.0,59.0,65.0,2,3,3,2,3,2
cheese_3745fef15174,feta,dairy,2,9.0,22.0,66.0,62.0,34.0,84.0,42.0,100.0,23.0,3,3,3,3,3,2
cheese_a551c7ccb671,feta,dairy,2,6.33,51.0,39.0,51.0,60.0,86.0,45.0,78.0,66.0,3,3,3,3,3,3
cheese_d8ef96c9b545,feta,plant_based,2,9.0,2.0,0.0,84.0,23.0,78.0,69.0,81.0,100.0,1,3,3,4,2,4
cheese_2d6496a6c601,mozzarella,plant_based,1,1.0,59.0,53.0,48.0,27.0,16.0,29.0,29.0,43.0,3,1,3,2,2,3
cheese_bb3fa6c49391,mozzarella,dairy,1,9.0,77.0,72.0,28.0,29.0,86.0,93.0,92.0,84.0,3,3,3,3,3,3
cheese_8f9484c4e050,feta,dairy,1,6.33,51.0,31.0,44.0,11.0,74.0,47.0,70.0,80.0,3,2,3,3,2,3
cheese_1ce3e88a4d78,mozzarella,dairy,1,7.67,36.0,46.0,49.0,,100.0,80.0,77.0,77.0,3,3,3,3,3,3
cheese_2ddf209f964d,feta,dairy,1,9.0,28.0,30.0,44.0,9.0,100.0,58.0,77.0,18.0,3,3,3,3,3,3
cheese_dc2f8bfdd32b,cheddar,dairy,1,7.67,12.0,6.0,92.0,49.0,93.0,62.0,81.0,45.0,3,3,3,4,3,4
cheese_f22e95e25191,mozzarella,dairy,1,9.0,10.0,10.0,100.0,5.0,100.0,71.0,100.0,20.0,5,4,3,2,2,3
cheese_ae3090c27be2,mozzarella,dairy,2,7.67,88.0,24.0,60.0,2.0,92.0,63.0,70.0,13.0,3,3,3,3,2,3
cheese_0379abaecd07,cheddar,plant_based,2,1.0,58.0,63.0,48.0,70.0,9.0,20.0,7.0,49.0,4,1,2,3,1,2
cheese_8ddbb6a76c01,feta,dairy,1,3.67,52.0,25.0,78.0,39.0,74.0,69.0,79.0,40.0,3,3,4,4,4,4
cheese_31030474d2e8,mozzarella,dairy,2,9.0,71.0,13.0,51.0,21.0,81.0,85.0,58.0,85.0,3,3,3,3,3,3
cheese_4b00e6ca3371,cheddar,dairy,1,7.67,28.0,54.0,42.0,53.0,62.0,28.0,56.0,54.0,3,3,3,3,3,3
cheese_23087a7e8aa8,feta,dairy,2,6.33,60.0,38.0,90.0,32.0,97.0,76.0,87.0,91.0,3,3,3,2,3,4
cheese_766d4886ba8b,feta,dairy,1,9.0,30.0,31.0,35.0,10.0,97.0,54.0,80.0,15.0,3,3,3,3,3,3
cheese_a50c42675b09,cheddar,plant_based,1,6.33,45.0,50.0,44.0,13.0,71.0,65.0,70.0,57.0,3,3,2,3,2,3
cheese_5acbd539fdb9,feta,dairy,2,5.0,49.0,51.0,52.0,52.0,80.0,71.0,51.0,59.0,2,3,5,4,5,4
cheese_bc6e77ae3e95,feta,dairy,1,9.0,13.0,1.0,86.0,8.0,99.0,76.0,83.0,98.0,3,3,4,3,3,3
cheese_13947f64916f,mozzarella,dairy,1,9.0,36.0,22.0,21.0,8.0,92.0,72.0,64.0,72.0,3,2,2,3,3,3
cheese_6cc5ef551580,mozzarella,plant_based,2,9.0,33.0,49.0,55.0,14.0,6.0,23.0,47.0,64.0,3,2,3,3,2,3
cheese_5284185d6217,cheddar,dairy,2,9.0,6.0,30.0,51.0,60.0,100.0,100.0,100.0,50.0,3,3,3,4,3,3
cheese_cf2d8b0e4c3d,feta,plant_based,1,9.0,17.0,12.0,61.0,0.0,90.0,68.0,100.0,100.0,2,3,3,3,3,4
cheese_9fdfd7422bb1,feta,plant_based,1,3.67,50.0,52.0,83.0,37.0,75.0,48.0,45.0,33.0,2,4,3,3,2,3
cheese_5efed1663f6a,mozzarella,dairy,2,9.0,27.0,18.0,53.0,6.0,88.0,87.0,66.0,81.0,4,3,2,4,2,3
cheese_60c16dab10e8,mozzarella,plant_based,2,7.67,55.0,44.0,60.0,65.0,47.0,65.0,58.0,65.0,3,2,1,2,2,2
cheese_499dc452f66f,feta,plant_based,1,1.0,48.0,91.0,59.0,77.0,20.0,27.0,14.0,82.0,5,1,2,1,5,4
cheese_3f54aa302fc6,feta,dairy,1,7.67,50.0,49.0,48.0,15.0,30.0,41.0,81.0,40.0,3,3,3,3,3,3
cheese_773b0b549aae,feta,dairy,1,6.33,47.0,67.0,39.0,46.0,46.0,22.0,78.0,39.0,3,3,4,2,3,3
cheese_3cdbbf10fc52,feta,dairy,2,6.33,56.0,26.0,44.0,6.0,75.0,43.0,68.0,75.0,3,2,4,3,2,3
cheese_3fb8cf8fffdd,cheddar,plant_based,1,6.33,64.0,53.0,59.0,49.0,71.0,76.0,66.0,62.0,3,4,3,4,4,4
cheese_5efe9a6f8138,feta,plant_based,2,9.0,1.0,2.0,70.0,22.0,80.0,70.0,81.0,100.0,1,3,3,4,2,4
cheese_734bb52fbc56,mozzarella,plant_based,1,3.67,,,36.0,,23.0,100.0,42.0,92.0,2,5,5,5,1,5
cheese_4e3bbe1a9f94,cheddar,dairy,2,9.0,63.0,62.0,61.0,37.0,100.0,73.0,100.0,69.0,4,3,3,2,2,4
cheese_35698d0b9d89,cheddar,plant_based,1,1.0,40.0,66.0,0.0,9.0,,,,,3,3,3,2,2,4
cheese_7130ea7979d5,mozzarella,dairy,1,6.33,15.0,0.0,87.0,8.0,91.0,94.0,73.0,96.0,3,3,3,5,3,3
cheese_ba9fa046ccad,mozzarella,plant_based,1,1.0,,43.0,48.0,80.0,,,,9.0,2,1,2,2,1,1
cheese_a588f8e8f56c,feta,plant_based,2,5.0,24.0,11.0,71.0,0.0,100.0,62.0,100.0,93.0,3,3,3,3,3,4
cheese_11c1abc37c94,cheddar,dairy,1,9.0,73.0,55.0,61.0,32.0,97.0,69.0,95.0,61.0,3,3,3,3,2,4
cheese_bef343293fa3,cheddar,plant_based,2,2.33,31.0,72.0,30.0,62.0,24.0,26.0,31.0,15.0,4,1,2,3,4,2
cheese_6cc5ef551580,mozzarella,dairy,1,9.0,57.0,45.0,65.0,29.0,88.0,78.0,75.0,55.0,3,3,3,3,2,3
cheese_3c367bfdc179,cheddar,dairy,1,7.67,78.0,47.0,62.0,24.0,98.0,50.0,78.0,52.0,2,4,3,3,3,4
cheese_23087a7e8aa8,feta,plant_based,1,1.0,,,100.0,17.0,49.0,65.0,7.0,98.0,1,2,4,1,5,5
cheese_31bf002f2343,cheddar,plant_based,2,3.67,35.0,61.0,67.0,63.0,8.0,2.0,20.0,74.0,3,2,2,3,2,3
cheese_9e94f196e3fb,feta,dairy,1,6.33,47.0,46.0,52.0,48.0,83.0,62.0,49.0,61.0,2,3,5,4,5,4
cheese_41952e006780,mozzarella,plant_based,1,6.33,29.0,56.0,59.0,25.0,25.0,17.0,47.0,59.0,3,4,3,2,2,3
cheese_54d533d35672,feta,dairy,2,6.33,14.0,24.0,70.0,9.0,84.0,62.0,79.0,82.0,3,4,3,3,3,2
cheese_42a8bad0e93a,mozzarella,plant_based,2,1.0,32.0,27.0,21.0,9.0,0.0,,,13.0,3,3,2,2,1,2
cheese_d6a4268cc97e,mozzarella,plant_based,1,6.33,13.0,23.0,39.0,16.0,68.0,52.0,66.0,56.0,2,3,3,3,3,3
cheese_ac2f7a4332d4,feta,dairy,2,9.0,0.0,,82.0,,100.0,81.0,91.0,94.0,3,3,4,3,3,3
cheese_b7d6e72dfb85,mozzarella,plant_based,1,2.33,28.0,32.0,29.0,7.0,0.0,,,15.0,3,3,2,2,1,2
cheese_f3771b948d0f,feta,dairy,1,9.0,0.0,,82.0,,92.0,85.0,91.0,87.0,3,3,4,3,4,3
cheese_62932f784656,feta,plant_based,2,7.67,58.0,30.0,29.0,29.0,28.0,29.0,43.0,42.0,1,1,1,1,1,1
cheese_ca383432cdff,feta,plant_based,1,1.0,15.0,13.0,66.0,16.0,31.0,9.0,51.0,7.0,2,4,3,2,2,4
cheese_dae2f3aa6fbe,cheddar,plant_based,1,9.0,48.0,58.0,9.0,85.0,,19.0,30.0,54.0,4,1,3,2,2,1
cheese_af099857d24b,cheddar,plant_based,1,1.0,12.0,22.0,,0.0,,,,20.0,2,2,2,2,5,1
cheese_11e66549a18f,feta,dairy,1,5.0,23.0,23.0,69.0,16.0,78.0,67.0,86.0,79.0,3,3,3,3,4,3
cheese_81b6dc6c8969,mozzarella,plant_based,1,1.0,9.0,27.0,18.0,54.0,16.0,14.0,21.0,18.0,5,2,5,2,2,1
cheese_e5e63f03f7dd,mozzarella,dairy,1,7.67,45.0,50.0,83.0,11.0,87.0,89.0,65.0,73.0,3,4,3,4,3,3
cheese_ea495a02f88b,cheddar,dairy,1,9.0,57.0,50.0,20.0,12.0,59.0,50.0,69.0,52.0,3,2,3,3,3,3
cheese_82e91301b37b,mozzarella,plant_based,2,6.33,,46.0,50.0,78.0,,,,5.0,2,1,2,2,1,1
cheese_3701c1b77d7c,cheddar,dairy,2,3.67,65.0,43.0,82.0,27.0,79.0,92.0,80.0,74.0,1,3,3,3,3,3
cheese_270dbcb30835,feta,plant_based,1,6.33,0.0,0.0,75.0,15.0,80.0,70.0,81.0,100.0,1,3,3,4,2,4
cheese_4d3ec63bdde4,cheddar,plant_based,2,7.67,65.0,64.0,66.0,42.0,61.0,22.0,68.0,23.0,4,2,3,2,2,3
cheese_4ef7f02458e9,feta,plant_based,2,9.0,42.0,8.0,88.0,59.0,53.0,57.0,60.0,50.0,4,2,2,3,3,3
cheese_48e35de70df3,feta,dairy,1,9.0,52.0,51.0,57.0,64.0,89.0,43.0,83.0,78.0,3,3,3,3,3,3
cheese_8a9992876636,mozzarella,plant_based,2,7.67,0.0,0.0,100.0,0.0,90.0,74.0,86.0,100.0,2,5,3,3,3,5
cheese_2fc68b6c3bc0,cheddar,plant_based,2,6.33,89.0,69.0,31.0,80.0,36.0,39.0,37.0,38.0,4,2,2,2,4,2
cheese_4238a0edc1fb,mozzarella,plant_based,1,1.0,1.0,32.0,2.0,68.0,44.0,21.0,26.0,61.0,1,1,4,4,4,2
cheese_f9cbd8e8463e,mozzarella,dairy,2,6.33,32.0,25.0,23.0,12.0,93.0,64.0,60.0,68.0,3,2,2,3,3,3
cheese_94020061ae3a,cheddar,plant_based,2,2.33,14.0,60.0,19.0,39.0,56.0,42.0,21.0,34.0,4,1,3,2,2,3
cheese_45d7e0bd9584,feta,plant_based,2,9.0,15.0,12.0,72.0,0.0,94.0,67.0,100.0,92.0,3,3,3,3,3,4
cheese_ea1eddd6129c,cheddar,dairy,1,9.0,58.0,54.0,41.0,7.0,88.0,62.0,74.0,50.0,3,3,2,3,3,3
cheese_3c367bfdc179,cheddar,plant_based,2,5.0,66.0,66.0,64.0,40.0,59.0,24.0,68.0,21.0,5,2,3,2,2,3
cheese_1877d67af52d,feta,plant_based,2,1.0,0.0,10.0,24.0,1.0,,47.0,0.0,92.0,5,1,2,1,1,1
cheese_c0cd2b8187b5,feta,dairy,2,3.67,34.0,38.0,88.0,28.0,72.0,46.0,87.0,60.0,3,3,3,3,3,2
cheese_ea1eddd6129c,cheddar,plant_based,2,9.0,45.0,45.0,38.0,14.0,78.0,70.0,70.0,49.0,3,3,2,2,2,3
cheese_c17e7e0cb7ba,cheddar,dairy,1,6.33,26.0,21.0,,,78.0,32.0,56.0,81.0,3,3,3,2,3,3
cheese_7f755e1efbab,cheddar,dairy,1,6.33,14.0,53.0,56.0,15.0,93.0,60.0,74.0,17.0,3,3,3,3,2,4
cheese_1f208ca0e30f,cheddar,plant_based,2,6.33,44.0,53.0,52.0,12.0,70.0,73.0,70.0,61.0,3,3,2,3,2,3
cheese_62c70cb2e2cf,mozzarella,plant_based,1,1.0,11.0,,2.0,98.0,,0.0,3.0,,1,1,1,1,1,1
cheese_34b21119bf2a,feta,plant_based,1,1.0,,,100.0,21.0,39.0,68.0,7.0,100.0,1,2,4,1,5,5
cheese_ed72776f19ab,mozzarella,dairy,1,9.0,59.0,34.0,73.0,11.0,100.0,63.0,98.0,78.0,3,3,3,3,3,3
cheese_6a092a5735af,cheddar,dairy,1,9.0,0.0,0.0,93.0,7.0,94.0,100.0,80.0,94.0,3,3,3,3,3,3
cheese_80d158377444,feta,dairy,1,9.0,0.0,,76.0,,97.0,80.0,89.0,100.0,3,2,4,3,3,3
cheese_766085bdafa3,cheddar,dairy,1,7.67,2.0,6.0,85.0,52.0,95.0,57.0,78.0,40.0,3,3,3,4,3,4
cheese_11c1abc37c94,cheddar,plant_based,2,1.0,60.0,64.0,34.0,20.0,,,45.0,58.0,4,4,1,2,1,3
cheese_c9ad5fd52aae,feta,plant_based,1,6.33,12.0,8.0,72.0,0.0,92.0,70.0,100.0,97.0,3,3,3,3,3,4
cheese_11e66549a18f,feta,plant_based,2,9.0,19.0,16.0,66.0,4.0,100.0,61.0,100.0,87.0,3,3,3,3,2,4
cheese_e329fc542a08,mozzarella,plant_based,2,5.0,,,28.0,,25.0,97.0,42.0,100.0,2,5,5,5,1,5
cheese_36b0edb8046b,cheddar,dairy,1,6.33,15.0,49.0,51.0,19.0,100.0,69.0,71.0,23.0,3,3,3,3,3,3
cheese_6c270ad0fdea,feta,dairy,1,9.0,31.0,31.0,81.0,41.0,63.0,50.0,91.0,62.0,3,3,3,3,3,3
cheese_9ec1f5799aa2,mozzarella,plant_based,1,6.33,41.0,51.0,41.0,37.0,50.0,50.0,46.0,39.0,4,3,3,2,3,3
cheese_e4a11d4896c6,feta,dairy,1,7.67,47.0,49.0,52.0,63.0,93.0,44.0,72.0,85.0,3,3,3,3,3,3
cheese_7984c7e017b4,mozzarella,dairy,1,1.0,100.0,15.0,50.0,,100.0,24.0,,47.0,2,2,3,3,2,1
cheese_ca96e70943ab,cheddar,plant_based,2,6.33,9.0,15.0,70.0,0.0,45.0,48.0,33.0,70.0,3,2,2,3,1,3
cheese_1877d67af52d,feta,dairy,1,9.0,4.0,6.0,91.0,3.0,88.0,60.0,76.0,89.0,3,3,4,3,3,3
cheese_1733b2edc2d5,feta,dairy,1,9.0,57.0,43.0,96.0,28.0,91.0,74.0,91.0,94.0,3,4,3,3,3,4
cheese_4d20562be0d9,cheddar,dairy,1,6.33,57.0,35.0,63.0,45.0,70.0,85.0,77.0,70.0,2,3,3,4,3,3
cheese_72095beaf7e8,cheddar,dairy,2,9.0,21.0,19.0,49.0,19.0,100.0,49.0,100.0,79.0,3,3,3,3,3,3
cheese_b04db5156c6f,cheddar,dairy,2,6.33,21.0,22.0,,,77.0,30.0,59.0,76.0,3,3,3,3,3,3
cheese_35698d0b9d89,cheddar,dairy,2,9.0,20.0,16.0,,,80.0,38.0,65.0,75.0,3,3,3,3,4,3
cheese_6985a27b5958,feta,dairy,1,5.0,0.0,3.0,82.0,9.0,87.0,75.0,81.0,95.0,2,3,3,3,2,3
cheese_816a302e12a5,mozzarella,plant_based,1,9.0,46.0,44.0,59.0,62.0,60.0,69.0,58.0,57.0,4,2,1,2,2,2
cheese_1149133f83e4,cheddar,dairy,1,9.0,54.0,47.0,15.0,19.0,57.0,50.0,79.0,50.0,3,2,3,4,3,3
cheese_9f111264c585,mozzarella,dairy,1,7.67,69.0,100.0,55.0,55.0,91.0,44.0,63.0,,5,1,5,2,5,1
cheese_94020061ae3a,cheddar,dairy,1,7.67,32.0,39.0,61.0,6.0,93.0,69.0,75.0,69.0,3,3,3,3,3,3
cheese_6a092a5735af,cheddar,plant_based,2,1.0,0.0,20.0,10.0,0.0,12.0,9.0,77.0,82.0,4,2,3,2,2,2
cheese_ea495a02f88b,cheddar,plant_based,2,6.33,0.0,59.0,11.0,47.0,11.0,0.0,31.0,52.0,2,1,2,2,2,3
cheese_41d151bb2f12,feta,dairy,1,9.0,60.0,50.0,46.0,16.0,23.0,36.0,87.0,37.0,3,3,2,3,3,2
cheese_afa6fbec6987,cheddar,plant_based,1,3.67,50.0,56.0,41.0,24.0,,,45.0,62.0,3,4,1,2,1,3
cheese_73f1a381cb46,cheddar,plant_based,2,3.67,100.0,40.0,85.0,,79.0,79.0,70.0,55.0,3,3,3,3,1,3
cheese_897f6dd494ad,feta,dairy,2,7.67,46.0,52.0,47.0,17.0,26.0,39.0,85.0,38.0,3,3,3,3,3,3
cheese_62c70cb2e2cf,mozzarella,dairy,2,9.0,38.0,,46.0,,100.0,86.0,100.0,42.0,3,3,3,3,3,3
cheese_aea94a0a6a40,mozzarella,dairy,2,6.33,59.0,32.0,31.0,16.0,69.0,24.0,48.0,16.0,2,3,2,3,2,3
cheese_45d7e0bd9584,feta,dairy,1,6.33,22.0,20.0,67.0,14.0,85.0,62.0,80.0,80.0,3,3,3,3,3,3
cheese_07a7af57e85b,cheddar,dairy,1,9.0,72.0,48.0,79.0,18.0,83.0,85.0,83.0,91.0,2,3,3,3,3,4
cheese_8ca1da0a9aab,feta,dairy,1,5.0,9.0,20.0,7.0,70.0,42.0,15.0,100.0,18.0,3,3,3,3,3,3
cheese_52ac975e8e9d,cheddar,plant_based,2,1.0,42.0,76.0,31.0,75.0,20.0,24.0,31.0,17.0,4,2,2,2,4,2
cheese_6a50c6baf706,cheddar,dairy,2,5.0,57.0,57.0,30.0,14.0,46.0,46.0,70.0,48.0,3,2,3,3,3,3
cheese_8b9659260df2,cheddar,dairy,2,1.0,34.0,20.0,79.0,15.0,29.0,27.0,50.0,82.0,1,3,3,3,2,2
cheese_5284185d6217,cheddar,plant_based,1,3.67,51.0,62.0,8.0,83.0,,10.0,30.0,49.0,4,1,3,2,2,1
cheese_766d4886ba8b,feta,plant_based,2,9.0,18.0,12.0,39.0,22.0,31.0,32.0,30.0,74.0,3,3,2,1,2,3
cheese_f206bb79453b,feta,dairy,2,6.33,27.0,40.0,39.0,15.0,100.0,53.0,80.0,20.0,3,3,3,3,3,3
cheese_1accf4e505a2,mozzarella,plant_based,1,7.67,26.0,55.0,38.0,72.0,31.0,34.0,29.0,36.0,4,1,2,2,3,2
cheese_336051ef492f,feta,dairy,2,9.0,26.0,55.0,63.0,33.0,81.0,42.0,95.0,26.0,3,3,3,3,3,3
cheese_a198230df81e,feta,plant_based,2,9.0,39.0,33.0,75.0,20.0,49.0,36.0,77.0,53.0,3,3,4,3,3,3
cheese_558d90b40852,cheddar,dairy,2,9.0,41.0,15.0,73.0,51.0,75.0,58.0,71.0,100.0,1,3,3,3,3,4
cheese_90caf7c155b1,cheddar,dairy,1,6.33,58.0,45.0,52.0,3.0,99.0,56.0,84.0,48.0,3,3,2,3,3,3
cheese_0bf7f0576719,mozzarella,plant_based,1,1.0,,44.0,53.0,73.0,,,,10.0,1,1,2,2,1,1
cheese_ea2d614d6392,mozzarella,plant_based,2,7.67,35.0,28.0,33.0,55.0,12.0,55.0,59.0,64.0,2,3,3,2,2,2
cheese_19340ce0a253,mozzarella,dairy,1,9.0,61.0,18.0,34.0,7.0,63.0,32.0,46.0,12.0,2,3,2,3,2,3
cheese_5c7a16bfa768,cheddar,dairy,1,9.0,6.0,41.0,51.0,20.0,95.0,72.0,63.0,23.0,3,3,3,3,4,3
cheese_cca99a01c41c,cheddar,dairy,1,9.0,26.0,18.0,83.0,11.0,44.0,28.0,53.0,90.0,2,3,3,3,3,2
cheese_08292dc07f9e,feta,dairy,2,9.0,0.0,,86.0,,100.0,84.0,95.0,97.0,3,3,4,4,3,3
cheese_42a8bad0e93a,mozzarella,dairy,1,6.33,58.0,32.0,37.0,9.0,60.0,32.0,53.0,17.0,2,3,2,3,2,3
cheese_ceb8f6822466,feta,plant_based,1,5.0,34.0,39.0,82.0,19.0,38.0,33.0,77.0,59.0,3,3,3,3,3,3
cheese_fe03ffc48990,feta,dairy,2,9.0,55.0,51.0,56.0,75.0,86.0,51.0,80.0,77.0,3,3,3,3,3,2
cheese_6733c5dc2323,feta,plant_based,2,1.0,8.0,9.0,65.0,13.0,31.0,13.0,51.0,1.0,2,4,3,2,2,4
cheese_f03435b179b9,cheddar,dairy,1,6.33,55.0,67.0,44.0,3.0,98.0,67.0,75.0,56.0,3,3,2,3,3,3
cheese_c54a86b4917f,mozzarella,plant_based,2,5.0,17.0,60.0,55.0,41.0,61.0,63.0,77.0,45.0,3,3,3,5,4,4
cheese_c17e7e0cb7ba,cheddar,plant_based,2,1.0,52.0,64.0,4.0,19.0,,,,,3,2,3,2,2,3
cheese_72e1868f3de4,cheddar,plant_based,2,1.0,56.0,62.0,48.0,32.0,,,45.0,68.0,3,4,1,2,2,3
cheese_c84960cf6ef5,mozzarella,dairy,2,6.33,58.0,26.0,84.0,16.0,100.0,68.0,100.0,77.0,3,3,3,3,3,3
cheese_b716112b05b1,mozzarella,dairy,1,5.0,46.0,27.0,45.0,6.0,54.0,31.0,63.0,8.0,2,3,2,3,2,3
cheese_229e2105dd2d,mozzarella,dairy,1,7.67,78.0,25.0,71.0,0.0,88.0,65.0,72.0,19.0,3,3,3,3,2,3
cheese_8ddbb6a76c01,feta,plant_based,2,6.33,0.0,1.0,73.0,18.0,78.0,72.0,81.0,100.0,1,3,3,4,2,4
cheese_7f45c4456120,feta,plant_based,2,9.0,0.0,0.0,76.0,23.0,82.0,69.0,81.0,99.0,2,2,3,4,2,4
cheese_ec8624b51c55,cheddar,dairy,2,9.0,75.0,40.0,83.0,57.0,88.0,59.0,74.0,41.0,4,3,3,3,3,4
cheese_5efe9a6f8138,feta,dairy,1,6.33,57.0,35.0,69.0,46.0,71.0,73.0,72.0,50.0,3,3,4,3,4,4
cheese_48e35de70df3,feta,plant_based,2,1.0,45.0,50.0,86.0,41.0,74.0,48.0,45.0,25.0,2,4,3,3,2,3
cheese_c177fae4e50b,cheddar,dairy,1,9.0,3.0,8.0,92.0,9.0,97.0,98.0,81.0,94.0,3,3,4,3,3,3
cheese_c19aab6c827b,cheddar,plant_based,2,5.0,63.0,69.0,48.0,83.0,14.0,22.0,7.0,55.0,4,1,2,3,1,2
cheese_4cbd8bbb1a74,cheddar,dairy,1,9.0,51.0,29.0,69.0,43.0,72.0,85.0,79.0,70.0,2,3,3,4,3,3
cheese_d71e5c33c280,cheddar,dairy,2,7.67,69.0,40.0,62.0,19.0,93.0,53.0,79.0,60.0,2,4,3,3,3,5
cheese_cca99a01c41c,cheddar,plant_based,2,1.0,28.0,64.0,78.0,58.0,5.0,2.0,20.0,71.0,3,2,2,3,2,3
cheese_3fb8cf8fffdd,cheddar,dairy,2,1.0,25.0,63.0,43.0,50.0,60.0,26.0,58.0,,3,3,3,3,3,3
cheese_db02ec5dbb82,cheddar,plant_based,1,2.33,56.0,64.0,54.0,85.0,8.0,26.0,7.0,53.0,4,1,2,3,1,3
cheese_ec8624b51c55,cheddar,plant_based,1,3.67,8.0,21.0,,9.0,,,,13.0,3,2,2,2,5,1
cheese_047a80c02a5f,feta,dairy,1,1.0,8.0,,93.0,,99.0,82.0,83.0,100.0,3,3,5,3,3,3
cheese_9cd7f36db45f,cheddar,plant_based,2,1.0,0.0,20.0,8.0,2.0,14.0,14.0,77.0,79.0,5,2,3,3,2,2
cheese_19340ce0a253,mozzarella,plant_based,2,3.67,40.0,29.0,17.0,9.0,0.0,,,15.0,3,3,3,2,1,2
