participant_id,product,presentation_order,appearance,flavor,texture,shrimp_intensity,firmness,chewiness,overall,purchase,cata_shrimplike,cata_fishy,cata_salty,cata_savory,cata_bland,cata_firm,cata_tender,cata_chewy,cata_rubbery,cata_juicy,cata_naturallooking,cata_appealing_color,cata_fresh_aroma,cata_offflavor,cata_offodor
coast_862618723810,conventional,1,6,7,2,2.0,4.0,3.0,7,3.0,1,0,0,0,0,1,0,0,1,1,1,1,0,0,0
coast_b61ca2a92e88,plant_based,1,9,7,7,3.0,3.0,3.0,6,2.0,1,0,0,0,1,0,1,0,0,0,0,1,0,0,0
coast_75d0d874b1a4,plant_based,2,2,6,7,3.0,2.0,1.0,2,4.0,0,0,1,0,1,0,0,0,0,1,0,0,0,0,0
coast_45aee3c4075d,plant_based,1,6,2,2,3.0,2.0,2.0,7,2.0,1,0,0,0,1,1,0,0,0,0,1,0,0,0,0
coast_eae9bd29404a,plant_based,2,6,9,2,3.0,3.0,3.0,2,4.0,0,0,0,0,0,0,1,0,1,0,1,0,0,0,0
coast_b834dd040958,plant_based,1,1,2,4,4.0,4.0,5.0,5,5.0,0,1,0,0,0,0,1,1,0,0,1,0,1,1,0
coast_20c212ba3094,plant_based,1,2,7,2,3.0,3.0,3.0,2,2.0,1,0,1,0,0,1,0,0,0,0,0,1,0,0,0
coast_6f7ad57baa5a,conventional,1,7,6,6,3.0,3.0,4.0,7,3.0,0,1,0,0,0,0,1,0,1,0,0,0,0,0,0
coast_cac6636312b6,conventional,2,9,9,7,3.0,2.0,2.0,6,2.0,0,0,1,0,0,0,1,0,0,0,1,0,0,0,1
coast_3e0a5c9fc94c,plant_based,2,3,2,3,4.0,2.0,1.0,2,4.0,0,0,1,0,1,0,1,1,0,0,0,0,0,0,0
coast_a3621d778efb,plant_based,2,2,6,6,4.0,2.0,2.0,6,2.0,0,0,0,1,1,0,0,1,0,0,0,0,0,0,1
coast_03d4dd654634,plant_based,1,7,9,7,4.0,3.0,3.0,7,2.0,0,0,0,0,0,0,0,0,0,0,0,0,0,0,1
coast_4024c5b0af7e,plant_based,2,7,6,6,3.0,2.0,1.0,7,3.0,0,0,1,0,1,0,1,1,0,1,0,0,1,0,0
coast_a8d4fb4d4da0,conventional,1,9,9,9,4.0,3.0,3.0,9,2.0,0,1,1,0,1,1,0,0,0,0,1,0,0,0,1
coast_933bdfc7ef88,plant_based,2,7,2,2,3.0,1.0,1.0,6,2.0,0,0,1,0,1,1,1,1,1,0,0,0,0,0,0
coast_940c9110dea2,plant_based,1,7,7,6,3.0,2.0,3.0,2,3.0,0,0,0,0,0,0,0,0,0,1,0,0,0,0,1
coast_20265788f74e,plant_based,2,2,4,4,1.0,1.0,1.0,5,5.0,1,1,0,0,0,0,1,1,0,0,0,0,0,0,0
coast_a6471c39132f,conventional,1,9,9,6,3.0,4.0,4.0,6,1.0,0,0,0,0,0,1,0,0,1,0,1,0,0,0,0
coast_c7ba2a19a730,plant_based,1,9,9,9,3.0,3.0,3.0,9,2.0,0,0,1,0,0,1,0,0,0,0,1,0,0,0,1
coast_1cf07b1f5b3e,conventional,2,2,7,2,3.0,2.0,1.0,2,4.0,0,0,1,0,1,0,1,0,0,0,0,0,0,0,0
coast_b592ff283981,conventional,2,2,9,7,3.0,2.0,3.0,6,2.0,0,0,0,0,1,0,0,1,0,0,0,0,0,0,1
coast_b50204ec238b,plant_based,1,9,6,9,3.0,2.0,3.0,6,2.0,0,0,0,0,0,0,0,1,1,0,0,1,0,0,1
coast_1bcb2caf0678,conventional,2,7,6,3,2.0,3.0,1.0,4,5.0,0,0,1,0,0,0,1,1,0,0,0,0,1,0,0
coast_f80229821b0f,conventional,1,6,7,2,4.0,3.0,3.0,7,3.0,0,1,0,0,0,0,0,0,0,0,0,1,0,0,1
coast_a8d4fb4d4da0,plant_based,2,3,3,6,1.0,2.0,2.0,4,4.0,1,1,1,0,0,0,0,1,0,0,0,0,1,0,1
coast_9ccad306c515,plant_based,2,6,7,3,5.0,4.0,1.0,2,3.0,0,0,1,1,0,0,1,1,0,0,0,0,0,0,0
coast_75c53cb86f8a,conventional,2,2,7,4,4.0,2.0,2.0,2,4.0,0,0,0,0,0,0,1,1,0,0,0,0,0,0,0
coast_7cf5c70716d0,plant_based,1,6,6,6,3.0,3.0,3.0,6,3.0,0,1,0,0,1,1,0,0,0,0,1,0,0,0,1
coast_20265788f74e,conventional,1,7,3,9,2.0,3.0,2.0,3,4.0,0,1,0,0,1,0,1,1,0,0,0,0,0,0,1
coast_758d10479eb0,plant_based,1,8,6,2,3.0,4.0,4.0,2,2.0,0,0,0,0,1,1,0,0,0,0,1,1,0,0,0
coast_5de77f430179,conventional,2,2,2,2,2.0,3.0,1.0,2,3.0,0,0,1,0,1,0,1,0,0,0,1,0,0,0,0
coast_68f8d5d84a47,conventional,1,8,8,9,3.0,3.0,3.0,9,2.0,0,1,1,0,1,1,0,0,0,0,1,1,0,0,1
coast_b7f97510e7b4,plant_based,1,6,6,6,3.0,3.0,3.0,6,2.0,0,0,1,0,0,0,0,0,0,0,0,1,0,0,1
coast_7f75088ffdd3,plant_based,1,6,6,6,3.0,3.0,3.0,6,2.0,1,1,1,0,1,1,0,0,0,0,1,0,0,0,1
coast_3e0a5c9fc94c,conventional,1,6,9,9,3.0,3.0,3.0,6,1.0,0,1,1,0,0,1,0,0,0,0,1,0,0,0,1
coast_a69a2132bf48,plant_based,2,6,3,7,4.0,2.0,3.0,7,4.0,0,0,0,0,0,0,0,0,0,0,0,0,1,0,0
coast_b592ff283981,plant_based,1,6,9,9,3.0,3.0,3.0,9,2.0,0,0,0,0,0,0,0,0,0,1,1,0,0,0,1
coast_b834dd040958,conventional,2,9,6,7,3.0,3.0,2.0,6,3.0,0,1,1,0,1,0,1,0,0,0,0,0,0,0,1
coast_6fc44185bf33,conventional,1,4,3,2,2.0,4.0,3.0,3,4.0,0,1,0,0,0,1,0,0,0,0,1,0,0,0,0
coast_68f8d5d84a47,plant_based,2,3,3,2,5.0,3.0,3.0,3,5.0,0,0,0,0,0,0,0,0,0,0,0,0,1,0,0
coast_933bdfc7ef88,conventional,1,7,6,6,2.0,4.0,3.0,7,2.0,0,1,0,0,0,1,1,1,1,0,1,0,0,0,0
coast_3e81bac29756,plant_based,1,3,3,7,2.0,4.0,4.0,3,4.0,0,1,1,0,0,0,0,0,0,0,1,0,0,0,0
coast_2f0d8f867d59,conventional,1,7,6,2,3.0,2.0,2.0,7,3.0,0,0,0,0,0,0,0,0,0,1,1,0,0,0,0
coast_80ca07256912,conventional,1,9,7,6,3.0,3.0,3.0,7,2.0,1,0,0,0,0,0,1,0,0,0,0,1,0,0,1
coast_fe76c25f0d58,plant_based,2,3,5,3,1.0,3.0,3.0,4,5.0,1,0,1,0,0,0,0,0,0,0,0,0,0,1,0
coast_52870874488b,conventional,1,9,6,9,3.0,3.0,3.0,6,3.0,0,1,1,0,0,0,1,0,0,0,1,0,0,0,1
coast_fc70aa3b8ff1,conventional,1,6,6,6,4.0,2.0,3.0,6,2.0,0,0,0,0,0,0,0,1,0,0,0,0,0,0,0
coast_1e5ccec1876d,plant_based,1,9,4,6,2.0,3.0,3.0,6,2.0,0,0,0,0,0,0,1,0,1,0,0,1,0,0,0
coast_45aee3c4075d,conventional,2,7,6,7,3.0,2.0,3.0,7,3.0,0,0,1,0,1,0,0,0,0,0,0,1,0,0,0
coast_7cf5c70716d0,conventional,2,7,6,6,4.0,3.0,3.0,6,3.0,0,1,1,0,1,1,1,0,0,0,0,0,0,0,0
coast_2c2cda3fb0a0,conventional,1,7,7,7,3.0,3.0,3.0,2,4.0,0,0,0,0,0,0,1,0,0,0,0,0,0,0,0
coast_802afa6a129f,conventional,1,6,6,6,3.0,2.0,2.0,6,2.0,1,0,0,0,1,0,0,0,0,0,0,0,0,0,0
coast_01ac7cc6d356,plant_based,1,7,6,7,2.0,3.0,3.0,7,1.0,1,0,0,0,0,0,1,0,0,1,1,0,0,0,1
coast_f80229821b0f,plant_based,2,2,9,7,3.0,2.0,2.0,2,3.0,0,0,0,0,1,0,0,1,0,0,1,0,0,0,0
coast_fe76c25f0d58,conventional,1,9,9,7,3.0,3.0,2.0,6,3.0,1,1,1,0,1,0,1,1,0,0,1,0,0,0,1
coast_292048dc8b87,plant_based,1,9,6,6,2.0,3.0,3.0,6,2.0,1,1,1,0,0,0,0,1,0,1,1,1,0,0,0
coast_1c6a8b298dba,conventional,1,6,6,6,3.0,3.0,2.0,7,2.0,0,1,0,0,0,0,1,0,0,1,0,1,0,0,0
coast_cf9607f3d4e6,conventional,2,1,4,4,3.0,2.0,2.0,7,5.0,0,1,0,0,1,1,0,0,0,1,1,0,0,0,0
coast_6f7ad57baa5a,plant_based,2,6,7,6,3.0,2.0,2.0,7,2.0,0,0,1,0,1,0,0,0,0,0,1,0,0,0,0
coast_5f332ffd5620,plant_based,1,2,6,2,3.0,3.0,4.0,7,2.0,0,0,0,1,0,1,0,0,0,1,0,0,1,1,0
coast_0e878c25bde8,plant_based,2,6,7,2,3.0,3.0,3.0,9,1.0,0,1,0,0,0,0,1,0,1,0,0,1,0,0,0
coast_a3621d778efb,conventional,1,9,7,6,3.0,3.0,3.0,6,1.0,1,1,1,0,1,0,0,0,1,1,0,1,0,0,1
coast_9ccad306c515,conventional,1,8,9,8,3.0,3.0,3.0,8,1.0,1,1,0,0,0,1,0,0,0,1,1,0,0,0,1
coast_8bc3eef2ac6c,conventional,1,2,2,2,4.0,3.0,4.0,6,2.0,1,0,1,0,0,0,0,0,0,0,0,1,0,0,0
coast_70dca0739cf8,conventional,2,9,6,9,3.0,3.0,2.0,9,1.0,0,0,1,0,0,0,0,0,0,0,1,0,0,0,1
coast_862618723810,plant_based,2,6,6,2,3.0,2.0,1.0,4,4.0,0,1,0,1,0,1,1,1,0,0,0,0,0,1,0
coast_55de95316a83,conventional,2,2,7,5,3.0,2.0,2.0,4,3.0,0,0,1,1,1,0,0,0,1,0,0,1,1,0,0
coast_024ce1d25213,conventional,2,5,4,4,3.0,2.0,1.0,3,4.0,1,1,0,0,1,0,1,1,0,0,0,0,0,0,0
coast_d965f0c86532,plant_based,1,7,2,6,3.0,2.0,3.0,7,3.0,0,0,1,0,0,0,0,1,0,0,1,0,0,0,0
coast_3a15c20bcff5,plant_based,1,6,6,6,3.0,3.0,3.0,6,2.0,0,1,0,0,0,1,1,0,1,0,0,0,0,0,1
coast_f62bcfd42f7b,plant_based,1,9,7,7,2.0,4.0,4.0,2,1.0,0,0,0,0,0,1,0,0,0,1,1,0,0,0,0
coast_1bcb2caf0678,plant_based,1,6,7,6,3.0,4.0,2.0,7,,1,1,1,0,0,0,0,0,1,0,1,1,0,0,0
coast_a09f37ff2845,plant_based,2,6,6,6,4.0,2.0,4.0,6,2.0,1,0,1,1,0,0,1,0,0,1,0,0,0,0,0
coast_6365f48017a9,conventional,2,6,7,6,4.0,3.0,3.0,7,3.0,0,1,0,0,0,1,0,1,1,0,0,0,0,0,0
coast_75c53cb86f8a,plant_based,1,6,7,6,4.0,3.0,3.0,7,2.0,0,0,0,0,0,0,1,0,1,0,0,0,0,0,0
coast_048f3c4b8486,conventional,2,2,2,2,3.0,2.0,3.0,7,2.0,0,0,0,0,1,0,1,0,0,1,0,0,0,0,0
coast_dd69d732f721,plant_based,1,6,7,6,3.0,3.0,3.0,6,3.0,0,0,1,0,0,1,0,0,0,0,0,1,0,0,0
coast_1e5ccec1876d,conventional,2,8,8,9,1.0,3.0,3.0,9,3.0,0,0,0,0,1,0,0,0,1,0,0,1,0,0,0
coast_b142f6ed1264,conventional,2,3,6,6,1.0,2.0,1.0,5,4.0,0,0,0,0,1,0,0,1,0,0,0,0,1,1,0
coast_2f0d8f867d59,plant_based,2,4,2,4,4.0,1.0,1.0,6,5.0,0,0,0,0,1,0,1,0,0,0,1,0,0,0,0
coast_9275059b91fe,plant_based,1,8,6,9,4.0,3.0,3.0,9,2.0,1,1,1,0,0,1,1,0,1,1,1,1,0,0,1
coast_d965f0c86532,conventional,2,2,2,2,3.0,3.0,3.0,7,3.0,0,0,0,1,1,0,0,1,0,1,0,0,0,0,0
coast_8d98f4b1b8c4,conventional,1,9,6,6,2.0,3.0,3.0,6,2.0,0,0,1,0,0,0,0,0,0,1,0,0,0,0,1
coast_55de95316a83,plant_based,1,5,8,7,3.0,2.0,1.0,2,3.0,0,1,0,0,0,0,1,1,0,0,1,0,0,0,0
coast_3050258dff71,plant_based,1,8,7,6,1.0,2.0,3.0,7,1.0,0,0,0,0,1,0,1,0,1,0,0,0,0,0,0
coast_bc63b99dd145,plant_based,2,9,6,6,3.0,3.0,3.0,6,3.0,0,0,0,0,1,0,0,0,0,1,1,1,0,0,0
coast_8d98f4b1b8c4,plant_based,2,7,9,2,2.0,2.0,3.0,6,2.0,0,1,0,0,0,0,0,0,1,0,0,1,0,0,0
coast_1870b7b7571b,conventional,1,7,2,6,3.0,,3.0,7,3.0,1,0,0,0,0,1,0,0,0,1,0,0,0,0,0
coast_32aaf8f43cb2,conventional,2,2,2,7,3.0,2.0,2.0,7,3.0,1,0,1,0,1,0,1,0,1,0,0,1,0,0,0
coast_940c9110dea2,conventional,2,9,9,9,2.0,2.0,2.0,9,2.0,1,1,0,0,0,0,0,0,0,0,1,0,0,0,1
coast_d7372003b702,plant_based,1,9,9,9,3.0,3.0,3.0,9,2.0,0,0,0,0,0,0,0,0,1,1,1,1,0,0,1
coast_4024c5b0af7e,conventional,1,6,3,6,2.0,3.0,4.0,9,1.0,1,1,0,0,0,1,0,0,1,1,0,1,0,0,1
coast_048f3c4b8486,plant_based,1,6,6,7,3.0,3.0,3.0,6,2.0,1,0,0,0,0,0,0,1,0,0,0,1,0,0,0
coast_19f2acda90d5,conventional,1,7,3,3,3.0,3.0,2.0,3,4.0,0,0,0,0,0,0,0,0,0,0,0,0,0,0,0
coast_52870874488b,plant_based,2,2,7,6,3.0,2.0,4.0,7,3.0,1,1,1,0,1,0,0,0,0,0,0,0,0,0,0
coast_6f27f8a69503,conventional,1,7,6,7,3.0,3.0,5.0,6,3.0,0,0,0,0,0,1,0,0,1,0,0,0,0,0,1
coast_fc173ee3b1a3,plant_based,2,7,7,9,3.0,2.0,2.0,6,2.0,1,0,0,0,1,0,0,1,0,1,0,0,0,0,0
coast_e87867dcbb13,conventional,2,2,2,2,3.0,3.0,3.0,2,3.0,0,0,0,0,1,0,1,0,1,0,0,0,0,0,0
coast_519cf35b6cb0,plant_based,1,9,6,6,4.0,3.0,4.0,6,4.0,0,0,0,0,0,0,0,0,0,1,1,0,1,0,1
coast_0e878c25bde8,conventional,1,2,7,6,4.0,3.0,3.0,2,3.0,0,0,1,0,0,0,0,0,0,0,1,0,0,0,1
coast_8bc3eef2ac6c,plant_based,2,6,7,6,3.0,3.0,3.0,7,3.0,0,0,0,0,0,0,1,1,0,0,0,1,0,0,0
coast_54483da576ef,plant_based,1,8,7,9,1.0,3.0,1.0,2,4.0,0,0,1,0,0,0,1,0,0,0,1,0,0,0,0
coast_a721ddb61fc8,plant_based,2,3,4,7,4.0,2.0,2.0,5,5.0,1,0,0,0,1,0,0,1,0,0,0,0,1,0,0
coast_f6480f960f4e,plant_based,2,2,7,2,3.0,2.0,2.0,2,4.0,1,0,1,0,1,0,1,0,0,0,1,0,0,0,0
coast_a47c6bababe6,plant_based,2,2,2,6,3.0,2.0,2.0,7,2.0,0,1,0,0,1,0,1,0,0,0,0,0,0,0,0
coast_f66fe4613403,plant_based,1,9,6,6,3.0,3.0,3.0,9,2.0,0,0,1,0,0,1,1,0,0,1,0,0,0,0,1
coast_a0c71ae2c93f,conventional,2,6,7,6,2.0,3.0,3.0,7,2.0,0,1,1,0,0,0,1,1,0,0,1,0,0,0,0
coast_5f332ffd5620,conventional,2,2,6,6,3.0,2.0,2.0,2,3.0,1,0,1,0,0,0,1,0,0,0,0,0,0,1,0
coast_53435ec1748f,plant_based,2,6,6,7,3.0,4.0,3.0,7,4.0,0,0,1,0,0,0,0,0,0,0,0,0,0,0,0
coast_97d516a2c5c1,plant_based,2,2,3,4,4.0,2.0,3.0,4,5.0,0,0,1,0,1,0,0,1,0,0,0,0,1,0,0
coast_1bc3649b66b1,conventional,1,8,7,6,1.0,4.0,4.0,7,2.0,1,1,1,0,1,1,0,1,1,1,0,1,0,0,1
coast_1c6a8b298dba,plant_based,2,7,7,6,3.0,2.0,2.0,6,4.0,1,1,0,0,1,0,0,0,0,0,1,1,0,0,0
coast_afc47a4e7cd8,conventional,1,6,6,6,3.0,2.0,3.0,7,2.0,1,1,0,0,0,0,1,0,1,0,1,1,0,0,0
coast_9275059b91fe,conventional,2,3,7,3,3.0,2.0,3.0,2,3.0,1,1,1,0,0,0,1,0,0,0,0,1,0,0,1
coast_19f2acda90d5,plant_based,2,4,4,5,4.0,4.0,2.0,5,5.0,0,0,0,0,0,0,0,1,0,0,0,0,0,0,0
coast_7ac5e9db4084,plant_based,1,9,6,7,3.0,2.0,3.0,6,2.0,0,0,1,0,0,0,1,0,0,1,1,0,0,0,1
coast_6060fb2dd7c9,plant_based,2,9,2,4,5.0,5.0,4.0,2,4.0,1,0,1,0,0,0,1,0,0,0,0,0,0,0,0
coast_a958df61cf0e,conventional,2,7,2,4,3.0,2.0,1.0,3,4.0,0,1,0,0,1,0,0,1,0,0,0,0,0,0,0
coast_a4a2e64bf473,plant_based,2,7,9,9,3.0,3.0,3.0,6,3.0,0,1,0,0,1,0,1,0,0,0,0,0,0,0,1
coast_35ebf531e55e,plant_based,2,3,6,6,3.0,2.0,2.0,6,2.0,0,0,0,0,0,0,0,0,0,0,0,0,0,0,1
coast_f6480f960f4e,conventional,1,9,6,6,2.0,3.0,3.0,9,2.0,0,1,1,0,0,1,0,0,1,1,1,0,0,0,0
coast_20c212ba3094,conventional,2,1,5,5,3.0,1.0,1.0,1,5.0,0,0,0,1,1,0,0,1,0,1,0,0,0,0,1
coast_c8e50ea7dd9f,plant_based,1,6,6,9,2.0,3.0,3.0,2,3.0,0,0,0,0,0,0,0,0,0,0,0,0,0,0,1
coast_cac6636312b6,plant_based,1,9,9,8,4.0,3.0,3.0,9,1.0,0,0,0,0,1,1,0,0,0,1,1,0,0,0,1
coast_66d3c0b07948,conventional,1,2,2,3,4.0,2.0,2.0,7,4.0,0,0,1,0,0,0,1,1,0,0,0,0,0,0,0
coast_956db94d41e3,plant_based,2,9,9,9,4.0,3.0,2.0,9,2.0,1,1,1,0,0,0,1,0,0,1,0,0,0,0,0
coast_dd69d732f721,conventional,2,7,7,7,4.0,2.0,3.0,2,3.0,0,0,1,1,1,0,1,0,0,0,1,0,1,0,0
coast_1cf07b1f5b3e,plant_based,1,7,6,7,3.0,3.0,3.0,7,3.0,0,1,1,0,1,0,0,0,1,1,1,1,0,0,0
coast_125122ef0311,conventional,2,6,6,7,3.0,3.0,2.0,6,2.0,0,1,0,0,1,0,1,0,0,0,1,1,0,0,0
coast_6f27f8a69503,plant_based,2,7,9,2,2.0,1.0,2.0,6,2.0,0,0,0,0,1,0,0,0,0,1,1,0,0,0,0
coast_01ac7cc6d356,conventional,2,9,7,2,3.0,3.0,3.0,6,3.0,0,1,1,0,1,0,0,0,0,0,1,0,0,0,0
coast_a958df61cf0e,plant_based,1,8,8,8,2.0,3.0,3.0,8,1.0,1,0,0,0,0,0,1,0,0,1,1,0,0,0,1
coast_5e7ec79124fd,conventional,2,7,2,7,3.0,2.0,2.0,7,2.0,0,0,0,0,1,0,0,0,0,0,0,0,0,0,1
coast_b7d2f6b22fbe,plant_based,1,9,6,2,2.0,2.0,2.0,6,2.0,1,1,0,1,0,1,0,0,0,1,1,1,0,1,1
coast_125122ef0311,plant_based,1,9,9,6,3.0,3.0,2.0,7,3.0,1,0,0,0,0,0,0,0,1,1,1,0,0,0,0
coast_80ca07256912,plant_based,2,9,6,7,3.0,3.0,3.0,6,2.0,0,0,0,0,0,0,1,0,0,0,1,1,0,0,0
coast_0e93f6538e55,plant_based,2,4,6,8,3.0,3.0,3.0,6,2.0,0,0,0,0,1,0,0,0,0,0,1,0,0,0,0
coast_0db4da765be8,conventional,2,6,6,6,4.0,3.0,3.0,6,3.0,0,1,1,0,0,0,1,0,0,0,1,0,0,0,0
coast_d802b9e4f662,conventional,1,7,6,2,3.0,2.0,3.0,6,2.0,0,0,0,0,1,0,0,0,1,0,1,0,0,0,0
coast_53435ec1748f,conventional,1,9,9,9,3.0,3.0,3.0,9,3.0,0,0,1,0,1,0,0,0,0,1,1,0,0,0,1
coast_a09f37ff2845,conventional,1,8,8,9,3.0,3.0,3.0,8,2.0,0,1,1,0,0,1,1,0,1,0,1,1,0,0,1
coast_b50204ec238b,conventional,2,7,6,3,3.0,2.0,1.0,2,4.0,0,0,0,0,1,0,0,0,0,0,0,0,0,0,0
coast_e89672ed9c62,conventional,2,6,6,7,,3.0,3.0,6,2.0,0,1,0,0,1,0,0,0,0,0,0,0,0,0,1
coast_0e93f6538e55,conventional,1,7,2,7,3.0,2.0,2.0,7,3.0,0,0,1,0,0,0,0,0,1,1,0,1,0,0,0
coast_c8e50ea7dd9f,conventional,2,9,7,7,4.0,3.0,3.0,2,3.0,0,0,0,0,0,0,0,0,0,0,0,0,1,0,0
coast_66d3c0b07948,plant_based,2,2,3,4,4.0,2.0,2.0,3,4.0,0,1,0,0,0,0,1,1,0,0,0,0,0,0,0
coast_b7f97510e7b4,conventional,2,3,3,2,4.0,2.0,3.0,4,4.0,0,0,0,0,1,0,1,0,0,0,0,0,0,0,1
coast_b142f6ed1264,plant_based,1,6,7,6,2.0,2.0,,6,3.0,0,0,0,0,1,0,0,0,1,0,0,1,0,0,1
coast_66d876751708,plant_based,2,9,6,2,3.0,3.0,3.0,3,3.0,0,0,1,0,1,1,0,0,0,0,1,1,0,0,0
coast_ff5d52428260,conventional,1,9,7,2,2.0,3.0,4.0,7,3.0,1,0,1,0,1,1,0,0,0,0,0,0,0,0,0
coast_70dca0739cf8,plant_based,1,6,7,2,2.0,3.0,2.0,7,2.0,0,0,1,0,0,0,0,0,0,0,1,0,0,0,1
coast_1bc3649b66b1,plant_based,2,7,7,7,3.0,2.0,2.0,7,2.0,1,1,0,0,1,0,0,1,0,0,1,0,0,0,0
coast_a4a2e64bf473,conventional,1,7,7,6,3.0,2.0,4.0,7,2.0,0,0,1,0,0,1,1,0,1,1,1,1,0,0,0
coast_3e81bac29756,conventional,2,3,3,3,3.0,4.0,4.0,4,4.0,0,0,1,0,1,0,0,0,0,0,0,0,1,0,0
coast_292048dc8b87,conventional,2,6,6,6,2.0,2.0,3.0,7,3.0,0,0,0,0,1,0,0,0,0,0,0,0,0,0,0
coast_956db94d41e3,conventional,1,9,6,9,3.0,3.0,3.0,9,2.0,1,0,1,0,0,0,1,0,0,0,0,0,0,0,1
coast_6060fb2dd7c9,conventional,1,9,9,8,3.0,3.0,3.0,9,2.0,0,0,1,0,1,0,0,0,1,0,0,0,0,0,1
coast_afc47a4e7cd8,plant_based,2,2,9,7,4.0,2.0,1.0,7,4.0,0,0,0,0,0,0,1,1,0,0,1,0,0,0,1
coast_a721ddb61fc8,conventional,1,8,8,8,3.0,3.0,3.0,8,1.0,0,1,1,0,0,0,1,0,1,0,0,0,0,0,1
coast_17ac42aa203d,plant_based,2,9,6,6,3.0,3.0,3.0,6,2.0,0,0,0,0,1,0,1,0,0,1,0,0,0,0,0
coast_802afa6a129f,plant_based,2,9,9,6,2.0,2.0,2.0,9,2.0,0,0,0,0,0,0,1,1,0,0,0,0,0,0,0
coast_2c2cda3fb0a0,plant_based,2,4,3,3,4.0,2.0,1.0,4,5.0,0,0,0,0,0,0,1,0,0,0,0,0,0,0,0
coast_eae9bd29404a,conventional,1,9,6,6,3.0,3.0,,6,2.0,1,0,1,0,0,0,0,0,0,1,0,0,1,0,0
coast_758d10479eb0,conventional,2,7,5,2,2.0,4.0,1.0,3,4.0,0,1,0,0,1,0,1,0,1,0,0,0,1,0,0
coast_fc173ee3b1a3,conventional,1,8,2,9,2.0,2.0,1.0,9,1.0,0,0,1,0,0,0,0,0,1,1,0,0,0,0,0
coast_d9f099c72047,plant_based,2,4,4,5,3.0,2.0,1.0,5,5.0,0,0,1,0,1,0,0,1,0,0,0,0,0,0,0
coast_d9f099c72047,conventional,1,9,9,7,2.0,3.0,3.0,2,3.0,1,0,0,0,0,1,1,0,0,0,1,0,0,0,0
coast_024ce1d25213,plant_based,1,7,6,6,2.0,2.0,3.0,6,3.0,1,1,1,0,0,0,0,0,0,0,1,1,0,0,1
coast_4094a012cb5c,plant_based,2,6,3,5,3.0,1.0,1.0,3,5.0,0,0,0,0,0,0,1,0,1,1,1,0,0,0,1
coast_d802b9e4f662,plant_based,2,6,6,7,3.0,3.0,2.0,2,3.0,0,0,0,0,0,1,0,1,0,1,0,0,0,0,0
coast_03d4dd654634,conventional,2,7,9,9,2.0,3.0,3.0,9,3.0,1,0,0,0,0,0,0,0,0,0,0,0,0,1,1
coast_1dc3ac461890,plant_based,2,6,7,2,3.0,1.0,3.0,2,4.0,1,0,0,0,1,0,1,1,0,1,1,0,0,0,0
coast_3050258dff71,conventional,2,9,6,6,3.0,4.0,3.0,6,2.0,1,0,0,0,1,1,0,0,1,0,0,0,0,0,0
coast_54483da576ef,conventional,2,9,6,6,3.0,3.0,3.0,9,3.0,1,0,0,0,1,0,1,1,0,0,1,0,0,0,0
coast_5de77f430179,plant_based,1,2,2,7,3.0,2.0,3.0,2,3.0,0,0,0,0,0,1,0,1,1,0,0,0,0,0,0
coast_c7ba2a19a730,conventional,2,3,7,3,3.0,1.0,3.0,7,4.0,0,0,1,0,1,0,0,0,0,0,0,0,0,0,1
coast_f62bcfd42f7b,conventional,2,6,2,6,2.0,2.0,3.0,7,2.0,1,0,0,0,0,1,0,0,0,0,0,0,0,0,0
coast_3a15c20bcff5,conventional,2,6,7,7,4.0,3.0,3.0,6,2.0,0,1,1,0,1,0,0,0,0,0,0,0,0,0,1
coast_250f7b7dc2a5,plant_based,2,2,2,2,3.0,2.0,2.0,2,4.0,0,0,1,0,1,0,1,1,0,0,0,0,1,0,0
coast_a69a2132bf48,conventional,1,9,9,9,2.0,3.0,3.0,9,3.0,1,0,0,0,0,1,0,0,0,1,0,0,0,0,1
coast_fc70aa3b8ff1,plant_based,2,3,2,3,4.0,5.0,3.0,3,4.0,0,0,0,1,0,0,0,0,0,0,0,0,0,0,0
coast_75d0d874b1a4,conventional,1,8,9,7,2.0,3.0,4.0,9,1.0,1,1,0,0,0,1,0,0,1,1,0,1,0,0,1
coast_bc63b99dd145,conventional,1,6,6,6,2.0,3.0,3.0,6,2.0,1,0,1,0,0,1,0,0,1,0,0,0,0,0,0
coast_ff5d52428260,plant_based,2,4,6,2,3.0,1.0,1.0,2,3.0,0,0,0,1,1,0,1,0,0,1,0,0,0,0,0
coast_db988738609f,conventional,1,6,6,7,3.0,3.0,3.0,7,3.0,0,0,0,0,0,0,0,0,1,1,0,0,0,0,1
coast_a47c6bababe6,conventional,1,9,9,6,3.0,3.0,3.0,9,1.0,0,0,0,0,0,0,1,0,0,1,1,1,0,0,0
coast_66d876751708,conventional,1,2,6,7,3.0,3.0,3.0,2,3.0,1,0,0,0,1,0,0,0,0,1,0,0,0,0,1
coast_e87867dcbb13,plant_based,1,6,6,6,3.0,2.0,2.0,6,2.0,0,1,0,0,0,1,0,0,1,0,1,1,0,0,0
coast_4094a012cb5c,conventional,1,7,2,2,3.0,3.0,3.0,7,3.0,1,0,1,0,0,0,1,0,0,1,1,1,0,0,1
coast_db988738609f,plant_based,2,6,6,2,3.0,3.0,3.0,7,2.0,1,0,0,0,1,0,0,0,0,0,0,1,0,0,0
coast_b7d2f6b22fbe,conventional,2,9,7,2,2.0,1.0,1.0,2,2.0,1,0,0,0,1,0,0,0,0,1,1,0,1,1,0
coast_35ebf531e55e,conventional,1,8,8,8,3.0,3.0,3.0,8,1.0,0,0,0,0,0,0,0,0,0,0,0,0,0,0,0
coast_7ac5e9db4084,conventional,2,6,9,2,2.0,2.0,2.0,7,3.0,0,1,0,0,1,0,0,0,0,0,0,0,0,1,0
coast_b61ca2a92e88,conventional,2,6,6,6,3.0,3.0,2.0,7,3.0,0,0,0,0,1,0,1,1,0,0,0,0,0,0,0
coast_32aaf8f43cb2,plant_based,1,6,6,7,2.0,1.0,1.0,9,3.0,0,1,1,0,1,0,1,0,1,1,0,1,0,0,0
coast_6fc44185bf33,plant_based,2,7,2,6,4.0,3.0,3.0,7,3.0,0,0,0,0,1,0,1,0,0,0,0,1,0,0,0
coast_250f7b7dc2a5,conventional,1,2,2,7,3.0,3.0,3.0,2,3.0,0,0,1,0,0,1,0,0,0,0,0,1,0,0,0
coast_a0c71ae2c93f,plant_based,1,7,6,6,2.0,3.0,3.0,6,2.0,1,0,1,0,0,1,0,0,0,0,1,1,0,0,1
coast_5e7ec79124fd,plant_based,1,6,6,7,3.0,3.0,3.0,6,2.0,0,0,0,0,0,0,1,0,0,0,1,1,0,0,0
coast_f66fe4613403,conventional,2,2,2,3,4.0,1.0,2.0,7,4.0,1,1,0,0,1,0,1,0,0,0,0,0,0,0,0
coast_cf9607f3d4e6,plant_based,1,7,3,5,4.0,4.0,3.0,4,4.0,0,1,0,0,0,1,1,0,0,0,0,1,1,0,0
coast_17ac42aa203d,conventional,1,9,7,9,3.0,3.0,3.0,6,2.0,0,0,0,0,1,0,0,0,1,0,1,0,0,0,0
coast_b3f5f53b85a7,plant_based,2,6,6,2,3.0,2.0,2.0,2,4.0,0,1,0,1,1,0,1,0,0,0,1,0,1,0,0
coast_7f75088ffdd3,conventional,2,2,6,6,3.0,3.0,4.0,6,2.0,1,1,1,0,0,1,0,0,0,0,0,0,0,0,1
coast_519cf35b6cb0,conventional,2,6,6,6,4.0,1.0,4.0,4,5.0,0,0,0,0,1,0,0,0,0,0,0,0,0,0,1
coast_e89672ed9c62,plant_based,1,9,9,9,3.0,3.0,4.0,9,1.0,0,0,0,0,0,1,0,0,0,1,1,1,0,0,1
coast_6365f48017a9,plant_based,1,9,6,7,3.0,2.0,4.0,7,2.0,1,0,1,0,0,1,0,0,0,0,0,0,0,0,1
coast_a6471c39132f,plant_based,2,6,7,6,3.0,2.0,2.0,6,2.0,0,0,1,0,1,0,1,0,0,0,0,0,0,0,0
coast_d7372003b702,conventional,2,3,6,7,2.0,3.0,3.0,6,2.0,0,1,1,0,0,0,0,0,0,0,0,0,0,0,1
coast_1870b7b7571b,plant_based,2,6,6,2,3.0,3.0,3.0,6,2.0,0,1,0,0,1,0,0,1,0,0,0,0,0,0,0
coast_1dc3ac461890,conventional,1,7,7,7,2.0,3.0,3.0,7,2.0,1,1,1,0,0,0,0,0,0,0,1,1,0,0,0
coast_0db4da765be8,plant_based,1,9,6,9,4.0,3.0,3.0,6,3.0,0,1,1,0,0,0,1,0,0,0,1,0,0,0,1
coast_97d516a2c5c1,conventional,1,6,6,2,3.0,3.0,3.0,6,3.0,0,1,1,0,0,1,0,0,0,0,0,0,0,0,1
coast_b3f5f53b85a7,conventional,1,6,9,6,3.0,2.0,3.0,7,2.0,1,0,0,0,0,0,0,0,1,0,1,0,0,0,0
